{"type": "FeatureCollection", "features": [{"type": "Feature", "geometry": {"type": "Polygon", "coordinates": [[[-54.943, -25.6792], [-54.942499999999995, -25.6792], [-54.942499999999995, -25.678800000000003], [-54.943, -25.678800000000003], [-54.943, -25.6792]]]}, "properties": {"distrito": "Domingo Martínez de Irala", "ndvi_antes": 0.93, "ndvi_despues": -0.08, "delta_ndvi": 1.01, "ha_aprox": 0.22, "ventana_antes": "2026-07-27 a 2026-08-16", "ventana_despues": "2026-08-21 a 2026-09-09", "cruce_fuego": false, "fuente": "Sentinel-2 L2A (Copernicus CDSE)", "res_m": 50}}, {"type": "Feature", "geometry": {"type": "Polygon", "coordinates": [[[-54.7065, -26.0172], [-54.705999999999996, -26.0172], [-54.705999999999996, -26.0168], [-54.7065, -26.0168], [-54.7065, -26.0172]]]}, "properties": {"distrito": "Domingo Martínez de Irala", "ndvi_antes": 0.84, "ndvi_despues": -0.12, "delta_ndvi": 0.96, "ha_aprox": 0.22, "ventana_antes": "2026-07-27 a 2026-08-16", "ventana_despues": "2026-08-21 a 2026-09-09", "cruce_fuego": false, "fuente": "Sentinel-2 L2A (Copernicus CDSE)", "res_m": 50}}, {"type": "Feature", "geometry": {"type": "Polygon", "coordinates": [[[-54.618, -25.869600000000002], [-54.6175, -25.869600000000002], [-54.6175, -25.869200000000003], [-54.618, -25.869200000000003], [-54.618, -25.869600000000002]]]}, "properties": {"distrito": "Domingo Martínez de Irala", "ndvi_antes": 0.82, "ndvi_despues": -0.07, "delta_ndvi": 0.89, "ha_aprox": 0.22, "ventana_antes": "2026-07-27 a 2026-08-16", "ventana_despues": "2026-08-21 a 2026-09-09", "cruce_fuego": false, "fuente": "Sentinel-2 L2A (Copernicus CDSE)", "res_m": 50}}, {"type": "Feature", "geometry": {"type": "Polygon", "coordinates": [[[-54.624, -26.0008], [-54.6235, -26.0008], [-54.6235, -26.0004], [-54.624, -26.0004], [-54.624, -26.0008]]]}, "properties": {"distrito": "Domingo Martínez de Irala", "ndvi_antes": 0.8, "ndvi_despues": -0.07, "delta_ndvi": 0.88, "ha_aprox": 0.22, "ventana_antes": "2026-07-27 a 2026-08-16", "ventana_despues": "2026-08-21 a 2026-09-09", "cruce_fuego": false, "fuente": "Sentinel-2 L2A (Copernicus CDSE)", "res_m": 50}}, {"type": "Feature", "geometry": {"type": "Polygon", "coordinates": [[[-54.860499999999995, -26.0516], [-54.86, -26.0516], [-54.86, -26.0512], [-54.860499999999995, -26.0512], [-54.860499999999995, -26.0516]]]}, "properties": {"distrito": "Domingo Martínez de Irala", "ndvi_antes": 0.76, "ndvi_despues": -0.1, "delta_ndvi": 0.85, "ha_aprox": 0.22, "ventana_antes": "2026-07-27 a 2026-08-16", "ventana_despues": "2026-08-21 a 2026-09-09", "cruce_fuego": false, "fuente": "Sentinel-2 L2A (Copernicus CDSE)", "res_m": 50}}, {"type": "Feature", "geometry": {"type": "Polygon", "coordinates": [[[-54.641, -25.8824], [-54.640499999999996, -25.8824], [-54.640499999999996, -25.882], [-54.641, -25.882], [-54.641, -25.8824]]]}, "properties": {"distrito": "Domingo Martínez de Irala", "ndvi_antes": 0.85, "ndvi_despues": 0.01, "delta_ndvi": 0.84, "ha_aprox": 0.22, "ventana_antes": "2026-07-27 a 2026-08-16", "ventana_despues": "2026-08-21 a 2026-09-09", "cruce_fuego": false, "fuente": "Sentinel-2 L2A (Copernicus CDSE)", "res_m": 50}}, {"type": "Feature", "geometry": {"type": "Polygon", "coordinates": [[[-54.7055, -25.9968], [-54.705, -25.9968], [-54.705, -25.9964], [-54.7055, -25.9964], [-54.7055, -25.9968]]]}, "properties": {"distrito": "Domingo Martínez de Irala", "ndvi_antes": 0.73, "ndvi_despues": -0.11, "delta_ndvi": 0.84, "ha_aprox": 0.22, "ventana_antes": "2026-07-27 a 2026-08-16", "ventana_despues": "2026-08-21 a 2026-09-09", "cruce_fuego": false, "fuente": "Sentinel-2 L2A (Copernicus CDSE)", "res_m": 50}}, {"type": "Feature", "geometry": {"type": "Polygon", "coordinates": [[[-54.94, -25.678], [-54.939499999999995, -25.678], [-54.939499999999995, -25.6776], [-54.94, -25.6776], [-54.94, -25.678]]]}, "properties": {"distrito": "Domingo Martínez de Irala", "ndvi_antes": 0.85, "ndvi_despues": 0.03, "delta_ndvi": 0.82, "ha_aprox": 0.22, "ventana_antes": "2026-07-27 a 2026-08-16", "ventana_despues": "2026-08-21 a 2026-09-09", "cruce_fuego": false, "fuente": "Sentinel-2 L2A (Copernicus CDSE)", "res_m": 50}}, {"type": "Feature", "geometry": {"type": "Polygon", "coordinates": [[[-54.6185, -25.87], [-54.618, -25.87], [-54.618, -25.869600000000002], [-54.6185, -25.869600000000002], [-54.6185, -25.87]]]}, "properties": {"distrito": "Domingo Martínez de Irala", "ndvi_antes": 0.8, "ndvi_despues": -0.03, "delta_ndvi": 0.82, "ha_aprox": 0.22, "ventana_antes": "2026-07-27 a 2026-08-16", "ventana_despues": "2026-08-21 a 2026-09-09", "cruce_fuego": false, "fuente": "Sentinel-2 L2A (Copernicus CDSE)", "res_m": 50}}, {"type": "Feature", "geometry": {"type": "Polygon", "coordinates": [[[-54.619, -25.8704], [-54.6185, -25.8704], [-54.6185, -25.87], [-54.619, -25.87], [-54.619, -25.8704]]]}, "properties": {"distrito": "Domingo Martínez de Irala", "ndvi_antes": 0.79, "ndvi_despues": -0.04, "delta_ndvi": 0.82, "ha_aprox": 0.22, "ventana_antes": "2026-07-27 a 2026-08-16", "ventana_despues": "2026-08-21 a 2026-09-09", "cruce_fuego": false, "fuente": "Sentinel-2 L2A (Copernicus CDSE)", "res_m": 50}}, {"type": "Feature", "geometry": {"type": "Polygon", "coordinates": [[[-54.7635, -25.7584], [-54.763, -25.7584], [-54.763, -25.758000000000003], [-54.7635, -25.758000000000003], [-54.7635, -25.7584]]]}, "properties": {"distrito": "Domingo Martínez de Irala", "ndvi_antes": 0.82, "ndvi_despues": 0.01, "delta_ndvi": 0.81, "ha_aprox": 0.22, "ventana_antes": "2026-07-27 a 2026-08-16", "ventana_despues": "2026-08-21 a 2026-09-09", "cruce_fuego": false, "fuente": "Sentinel-2 L2A (Copernicus CDSE)", "res_m": 50}}, {"type": "Feature", "geometry": {"type": "Polygon", "coordinates": [[[-54.762, -25.759200000000003], [-54.7615, -25.759200000000003], [-54.7615, -25.7588], [-54.762, -25.7588], [-54.762, -25.759200000000003]]]}, "properties": {"distrito": "Domingo Martínez de Irala", "ndvi_antes": 0.8, "ndvi_despues": -0.0, "delta_ndvi": 0.81, "ha_aprox": 0.22, "ventana_antes": "2026-07-27 a 2026-08-16", "ventana_despues": "2026-08-21 a 2026-09-09", "cruce_fuego": false, "fuente": "Sentinel-2 L2A (Copernicus CDSE)", "res_m": 50}}, {"type": "Feature", "geometry": {"type": "Polygon", "coordinates": [[[-54.6415, -25.8828], [-54.641, -25.8828], [-54.641, -25.8824], [-54.6415, -25.8824], [-54.6415, -25.8828]]]}, "properties": {"distrito": "Domingo Martínez de Irala", "ndvi_antes": 0.87, "ndvi_despues": 0.06, "delta_ndvi": 0.81, "ha_aprox": 0.22, "ventana_antes": "2026-07-27 a 2026-08-16", "ventana_despues": "2026-08-21 a 2026-09-09", "cruce_fuego": false, "fuente": "Sentinel-2 L2A (Copernicus CDSE)", "res_m": 50}}, {"type": "Feature", "geometry": {"type": "Polygon", "coordinates": [[[-55.01649999999999, -25.782000000000004], [-55.016, -25.782000000000004], [-55.016, -25.7816], [-55.01649999999999, -25.7816], [-55.01649999999999, -25.782000000000004]]]}, "properties": {"distrito": "Domingo Martínez de Irala", "ndvi_antes": 0.94, "ndvi_despues": 0.14, "delta_ndvi": 0.8, "ha_aprox": 0.22, "ventana_antes": "2026-07-27 a 2026-08-16", "ventana_despues": "2026-08-21 a 2026-09-09", "cruce_fuego": false, "fuente": "Sentinel-2 L2A (Copernicus CDSE)", "res_m": 50}}, {"type": "Feature", "geometry": {"type": "Polygon", "coordinates": [[[-55.02499999999999, -25.786800000000003], [-55.024499999999996, -25.786800000000003], [-55.024499999999996, -25.7864], [-55.02499999999999, -25.7864], [-55.02499999999999, -25.786800000000003]]]}, "properties": {"distrito": "Domingo Martínez de Irala", "ndvi_antes": 0.89, "ndvi_despues": 0.09, "delta_ndvi": 0.8, "ha_aprox": 0.22, "ventana_antes": "2026-07-27 a 2026-08-16", "ventana_despues": "2026-08-21 a 2026-09-09", "cruce_fuego": false, "fuente": "Sentinel-2 L2A (Copernicus CDSE)", "res_m": 50}}, {"type": "Feature", "geometry": {"type": "Polygon", "coordinates": [[[-54.968999999999994, -25.695200000000003], [-54.9685, -25.695200000000003], [-54.9685, -25.6948], [-54.968999999999994, -25.6948], [-54.968999999999994, -25.695200000000003]]]}, "properties": {"distrito": "Domingo Martínez de Irala", "ndvi_antes": 0.69, "ndvi_despues": -0.11, "delta_ndvi": 0.8, "ha_aprox": 0.22, "ventana_antes": "2026-07-27 a 2026-08-16", "ventana_despues": "2026-08-21 a 2026-09-09", "cruce_fuego": false, "fuente": "Sentinel-2 L2A (Copernicus CDSE)", "res_m": 50}}, {"type": "Feature", "geometry": {"type": "Polygon", "coordinates": [[[-54.95099999999999, -25.697200000000002], [-54.9505, -25.697200000000002], [-54.9505, -25.696800000000003], [-54.95099999999999, -25.696800000000003], [-54.95099999999999, -25.697200000000002]]]}, "properties": {"distrito": "Domingo Martínez de Irala", "ndvi_antes": 0.89, "ndvi_despues": 0.1, "delta_ndvi": 0.79, "ha_aprox": 0.22, "ventana_antes": "2026-07-27 a 2026-08-16", "ventana_despues": "2026-08-21 a 2026-09-09", "cruce_fuego": false, "fuente": "Sentinel-2 L2A (Copernicus CDSE)", "res_m": 50}}, {"type": "Feature", "geometry": {"type": "Polygon", "coordinates": [[[-54.909499999999994, -25.8012], [-54.909, -25.8012], [-54.909, -25.800800000000002], [-54.909499999999994, -25.800800000000002], [-54.909499999999994, -25.8012]]]}, "properties": {"distrito": "Domingo Martínez de Irala", "ndvi_antes": 0.84, "ndvi_despues": 0.05, "delta_ndvi": 0.79, "ha_aprox": 0.22, "ventana_antes": "2026-07-27 a 2026-08-16", "ventana_despues": "2026-08-21 a 2026-09-09", "cruce_fuego": false, "fuente": "Sentinel-2 L2A (Copernicus CDSE)", "res_m": 50}}, {"type": "Feature", "geometry": {"type": "Polygon", "coordinates": [[[-54.5265, -25.615600000000004], [-54.525999999999996, -25.615600000000004], [-54.525999999999996, -25.6152], [-54.5265, -25.6152], [-54.5265, -25.615600000000004]]]}, "properties": {"distrito": "Domingo Martínez de Irala", "ndvi_antes": 0.84, "ndvi_despues": 0.05, "delta_ndvi": 0.78, "ha_aprox": 0.22, "ventana_antes": "2026-07-27 a 2026-08-16", "ventana_despues": "2026-08-21 a 2026-09-09", "cruce_fuego": false, "fuente": "Sentinel-2 L2A (Copernicus CDSE)", "res_m": 50}}, {"type": "Feature", "geometry": {"type": "Polygon", "coordinates": [[[-54.6205, -25.872400000000003], [-54.62, -25.872400000000003], [-54.62, -25.872], [-54.6205, -25.872], [-54.6205, -25.872400000000003]]]}, "properties": {"distrito": "Domingo Martínez de Irala", "ndvi_antes": 0.82, "ndvi_despues": 0.04, "delta_ndvi": 0.78, "ha_aprox": 0.22, "ventana_antes": "2026-07-27 a 2026-08-16", "ventana_despues": "2026-08-21 a 2026-09-09", "cruce_fuego": false, "fuente": "Sentinel-2 L2A (Copernicus CDSE)", "res_m": 50}}, {"type": "Feature", "geometry": {"type": "Polygon", "coordinates": [[[-54.9115, -26.0036], [-54.910999999999994, -26.0036], [-54.910999999999994, -26.0032], [-54.9115, -26.0032], [-54.9115, -26.0036]]]}, "properties": {"distrito": "Domingo Martínez de Irala", "ndvi_antes": 0.86, "ndvi_despues": 0.09, "delta_ndvi": 0.77, "ha_aprox": 0.22, "ventana_antes": "2026-07-27 a 2026-08-16", "ventana_despues": "2026-08-21 a 2026-09-09", "cruce_fuego": false, "fuente": "Sentinel-2 L2A (Copernicus CDSE)", "res_m": 50}}, {"type": "Feature", "geometry": {"type": "Polygon", "coordinates": [[[-55.019, -25.7844], [-55.018499999999996, -25.7844], [-55.018499999999996, -25.784000000000002], [-55.019, -25.784000000000002], [-55.019, -25.7844]]]}, "properties": {"distrito": "Domingo Martínez de Irala", "ndvi_antes": 0.91, "ndvi_despues": 0.14, "delta_ndvi": 0.77, "ha_aprox": 0.22, "ventana_antes": "2026-07-27 a 2026-08-16", "ventana_despues": "2026-08-21 a 2026-09-09", "cruce_fuego": false, "fuente": "Sentinel-2 L2A (Copernicus CDSE)", "res_m": 50}}, {"type": "Feature", "geometry": {"type": "Polygon", "coordinates": [[[-55.02499999999999, -25.787200000000002], [-55.024499999999996, -25.787200000000002], [-55.024499999999996, -25.786800000000003], [-55.02499999999999, -25.786800000000003], [-55.02499999999999, -25.787200000000002]]]}, "properties": {"distrito": "Domingo Martínez de Irala", "ndvi_antes": 0.88, "ndvi_despues": 0.11, "delta_ndvi": 0.77, "ha_aprox": 0.22, "ventana_antes": "2026-07-27 a 2026-08-16", "ventana_despues": "2026-08-21 a 2026-09-09", "cruce_fuego": false, "fuente": "Sentinel-2 L2A (Copernicus CDSE)", "res_m": 50}}, {"type": "Feature", "geometry": {"type": "Polygon", "coordinates": [[[-54.909, -25.8012], [-54.9085, -25.8012], [-54.9085, -25.800800000000002], [-54.909, -25.800800000000002], [-54.909, -25.8012]]]}, "properties": {"distrito": "Domingo Martínez de Irala", "ndvi_antes": 0.83, "ndvi_despues": 0.06, "delta_ndvi": 0.77, "ha_aprox": 0.22, "ventana_antes": "2026-07-27 a 2026-08-16", "ventana_despues": "2026-08-21 a 2026-09-09", "cruce_fuego": false, "fuente": "Sentinel-2 L2A (Copernicus CDSE)", "res_m": 50}}, {"type": "Feature", "geometry": {"type": "Polygon", "coordinates": [[[-54.6195, -25.87], [-54.619, -25.87], [-54.619, -25.869600000000002], [-54.6195, -25.869600000000002], [-54.6195, -25.87]]]}, "properties": {"distrito": "Domingo Martínez de Irala", "ndvi_antes": 0.82, "ndvi_despues": 0.05, "delta_ndvi": 0.77, "ha_aprox": 0.22, "ventana_antes": "2026-07-27 a 2026-08-16", "ventana_despues": "2026-08-21 a 2026-09-09", "cruce_fuego": false, "fuente": "Sentinel-2 L2A (Copernicus CDSE)", "res_m": 50}}, {"type": "Feature", "geometry": {"type": "Polygon", "coordinates": [[[-54.62, -25.870800000000003], [-54.6195, -25.870800000000003], [-54.6195, -25.8704], [-54.62, -25.8704], [-54.62, -25.870800000000003]]]}, "properties": {"distrito": "Domingo Martínez de Irala", "ndvi_antes": 0.84, "ndvi_despues": 0.07, "delta_ndvi": 0.77, "ha_aprox": 0.22, "ventana_antes": "2026-07-27 a 2026-08-16", "ventana_despues": "2026-08-21 a 2026-09-09", "cruce_fuego": false, "fuente": "Sentinel-2 L2A (Copernicus CDSE)", "res_m": 50}}, {"type": "Feature", "geometry": {"type": "Polygon", "coordinates": [[[-54.702, -25.9804], [-54.701499999999996, -25.9804], [-54.701499999999996, -25.98], [-54.702, -25.98], [-54.702, -25.9804]]]}, "properties": {"distrito": "Domingo Martínez de Irala", "ndvi_antes": 0.89, "ndvi_despues": 0.12, "delta_ndvi": 0.77, "ha_aprox": 0.22, "ventana_antes": "2026-07-27 a 2026-08-16", "ventana_despues": "2026-08-21 a 2026-09-09", "cruce_fuego": false, "fuente": "Sentinel-2 L2A (Copernicus CDSE)", "res_m": 50}}, {"type": "Feature", "geometry": {"type": "Polygon", "coordinates": [[[-54.912, -26.0036], [-54.9115, -26.0036], [-54.9115, -26.0032], [-54.912, -26.0032], [-54.912, -26.0036]]]}, "properties": {"distrito": "Domingo Martínez de Irala", "ndvi_antes": 0.87, "ndvi_despues": 0.1, "delta_ndvi": 0.77, "ha_aprox": 0.22, "ventana_antes": "2026-07-27 a 2026-08-16", "ventana_despues": "2026-08-21 a 2026-09-09", "cruce_fuego": false, "fuente": "Sentinel-2 L2A (Copernicus CDSE)", "res_m": 50}}, {"type": "Feature", "geometry": {"type": "Polygon", "coordinates": [[[-54.6175, -25.869600000000002], [-54.617, -25.869600000000002], [-54.617, -25.869200000000003], [-54.6175, -25.869200000000003], [-54.6175, -25.869600000000002]]]}, "properties": {"distrito": "Domingo Martínez de Irala", "ndvi_antes": 0.79, "ndvi_despues": 0.03, "delta_ndvi": 0.76, "ha_aprox": 0.22, "ventana_antes": "2026-07-27 a 2026-08-16", "ventana_despues": "2026-08-21 a 2026-09-09", "cruce_fuego": false, "fuente": "Sentinel-2 L2A (Copernicus CDSE)", "res_m": 50}}, {"type": "Feature", "geometry": {"type": "Polygon", "coordinates": [[[-54.98799999999999, -25.8184], [-54.9875, -25.8184], [-54.9875, -25.818], [-54.98799999999999, -25.818], [-54.98799999999999, -25.8184]]]}, "properties": {"distrito": "Domingo Martínez de Irala", "ndvi_antes": 0.73, "ndvi_despues": -0.04, "delta_ndvi": 0.76, "ha_aprox": 0.22, "ventana_antes": "2026-07-27 a 2026-08-16", "ventana_despues": "2026-08-21 a 2026-09-09", "cruce_fuego": false, "fuente": "Sentinel-2 L2A (Copernicus CDSE)", "res_m": 50}}, {"type": "Feature", "geometry": {"type": "Polygon", "coordinates": [[[-55.022499999999994, -25.788800000000002], [-55.022, -25.788800000000002], [-55.022, -25.788400000000003], [-55.022499999999994, -25.788400000000003], [-55.022499999999994, -25.788800000000002]]]}, "properties": {"distrito": "Domingo Martínez de Irala", "ndvi_antes": 0.89, "ndvi_despues": 0.13, "delta_ndvi": 0.76, "ha_aprox": 0.22, "ventana_antes": "2026-07-27 a 2026-08-16", "ventana_despues": "2026-08-21 a 2026-09-09", "cruce_fuego": false, "fuente": "Sentinel-2 L2A (Copernicus CDSE)", "res_m": 50}}, {"type": "Feature", "geometry": {"type": "Polygon", "coordinates": [[[-55.018499999999996, -25.7896], [-55.017999999999994, -25.7896], [-55.017999999999994, -25.7892], [-55.018499999999996, -25.7892], [-55.018499999999996, -25.7896]]]}, "properties": {"distrito": "Domingo Martínez de Irala", "ndvi_antes": 0.9, "ndvi_despues": 0.14, "delta_ndvi": 0.76, "ha_aprox": 0.22, "ventana_antes": "2026-07-27 a 2026-08-16", "ventana_despues": "2026-08-21 a 2026-09-09", "cruce_fuego": false, "fuente": "Sentinel-2 L2A (Copernicus CDSE)", "res_m": 50}}, {"type": "Feature", "geometry": {"type": "Polygon", "coordinates": [[[-54.632999999999996, -25.798000000000002], [-54.6325, -25.798000000000002], [-54.6325, -25.797600000000003], [-54.632999999999996, -25.797600000000003], [-54.632999999999996, -25.798000000000002]]]}, "properties": {"distrito": "Domingo Martínez de Irala", "ndvi_antes": 0.82, "ndvi_despues": 0.06, "delta_ndvi": 0.76, "ha_aprox": 0.22, "ventana_antes": "2026-07-27 a 2026-08-16", "ventana_despues": "2026-08-21 a 2026-09-09", "cruce_fuego": false, "fuente": "Sentinel-2 L2A (Copernicus CDSE)", "res_m": 50}}, {"type": "Feature", "geometry": {"type": "Polygon", "coordinates": [[[-54.91, -25.8012], [-54.909499999999994, -25.8012], [-54.909499999999994, -25.800800000000002], [-54.91, -25.800800000000002], [-54.91, -25.8012]]]}, "properties": {"distrito": "Domingo Martínez de Irala", "ndvi_antes": 0.86, "ndvi_despues": 0.1, "delta_ndvi": 0.76, "ha_aprox": 0.22, "ventana_antes": "2026-07-27 a 2026-08-16", "ventana_despues": "2026-08-21 a 2026-09-09", "cruce_fuego": false, "fuente": "Sentinel-2 L2A (Copernicus CDSE)", "res_m": 50}}, {"type": "Feature", "geometry": {"type": "Polygon", "coordinates": [[[-54.6665, -25.644800000000004], [-54.666, -25.644800000000004], [-54.666, -25.644400000000005], [-54.6665, -25.644400000000005], [-54.6665, -25.644800000000004]]]}, "properties": {"distrito": "Domingo Martínez de Irala", "ndvi_antes": 0.84, "ndvi_despues": 0.09, "delta_ndvi": 0.75, "ha_aprox": 0.22, "ventana_antes": "2026-07-27 a 2026-08-16", "ventana_despues": "2026-08-21 a 2026-09-09", "cruce_fuego": false, "fuente": "Sentinel-2 L2A (Copernicus CDSE)", "res_m": 50}}, {"type": "Feature", "geometry": {"type": "Polygon", "coordinates": [[[-55.020999999999994, -25.785600000000002], [-55.0205, -25.785600000000002], [-55.0205, -25.785200000000003], [-55.020999999999994, -25.785200000000003], [-55.020999999999994, -25.785600000000002]]]}, "properties": {"distrito": "Domingo Martínez de Irala", "ndvi_antes": 0.9, "ndvi_despues": 0.15, "delta_ndvi": 0.75, "ha_aprox": 0.22, "ventana_antes": "2026-07-27 a 2026-08-16", "ventana_despues": "2026-08-21 a 2026-09-09", "cruce_fuego": false, "fuente": "Sentinel-2 L2A (Copernicus CDSE)", "res_m": 50}}, {"type": "Feature", "geometry": {"type": "Polygon", "coordinates": [[[-54.907999999999994, -25.800400000000003], [-54.9075, -25.800400000000003], [-54.9075, -25.8], [-54.907999999999994, -25.8], [-54.907999999999994, -25.800400000000003]]]}, "properties": {"distrito": "Domingo Martínez de Irala", "ndvi_antes": 0.87, "ndvi_despues": 0.11, "delta_ndvi": 0.75, "ha_aprox": 0.22, "ventana_antes": "2026-07-27 a 2026-08-16", "ventana_despues": "2026-08-21 a 2026-09-09", "cruce_fuego": false, "fuente": "Sentinel-2 L2A (Copernicus CDSE)", "res_m": 50}}, {"type": "Feature", "geometry": {"type": "Polygon", "coordinates": [[[-54.910999999999994, -25.8076], [-54.9105, -25.8076], [-54.9105, -25.8072], [-54.910999999999994, -25.8072], [-54.910999999999994, -25.8076]]]}, "properties": {"distrito": "Domingo Martínez de Irala", "ndvi_antes": 0.93, "ndvi_despues": 0.18, "delta_ndvi": 0.75, "ha_aprox": 0.22, "ventana_antes": "2026-07-27 a 2026-08-16", "ventana_despues": "2026-08-21 a 2026-09-09", "cruce_fuego": false, "fuente": "Sentinel-2 L2A (Copernicus CDSE)", "res_m": 50}}, {"type": "Feature", "geometry": {"type": "Polygon", "coordinates": [[[-54.6575, -25.9208], [-54.657, -25.9208], [-54.657, -25.9204], [-54.6575, -25.9204], [-54.6575, -25.9208]]]}, "properties": {"distrito": "Domingo Martínez de Irala", "ndvi_antes": 0.74, "ndvi_despues": -0.01, "delta_ndvi": 0.75, "ha_aprox": 0.22, "ventana_antes": "2026-07-27 a 2026-08-16", "ventana_despues": "2026-08-21 a 2026-09-09", "cruce_fuego": false, "fuente": "Sentinel-2 L2A (Copernicus CDSE)", "res_m": 50}}, {"type": "Feature", "geometry": {"type": "Polygon", "coordinates": [[[-54.704, -25.9968], [-54.7035, -25.9968], [-54.7035, -25.9964], [-54.704, -25.9964], [-54.704, -25.9968]]]}, "properties": {"distrito": "Domingo Martínez de Irala", "ndvi_antes": 0.8, "ndvi_despues": 0.04, "delta_ndvi": 0.75, "ha_aprox": 0.22, "ventana_antes": "2026-07-27 a 2026-08-16", "ventana_despues": "2026-08-21 a 2026-09-09", "cruce_fuego": false, "fuente": "Sentinel-2 L2A (Copernicus CDSE)", "res_m": 50}}, {"type": "Feature", "geometry": {"type": "Polygon", "coordinates": [[[-54.943000000000005, -25.679199999999998], [-54.9425, -25.679199999999998], [-54.9425, -25.6788], [-54.943000000000005, -25.6788], [-54.943000000000005, -25.679199999999998]]]}, "properties": {"distrito": "Los Cedrales", "ndvi_antes": 0.93, "ndvi_despues": -0.08, "delta_ndvi": 1.01, "ha_aprox": 0.22, "ventana_antes": "2026-07-27 a 2026-08-16", "ventana_despues": "2026-08-21 a 2026-09-09", "cruce_fuego": false, "fuente": "Sentinel-2 L2A (Copernicus CDSE)", "res_m": 50}}, {"type": "Feature", "geometry": {"type": "Polygon", "coordinates": [[[-54.75000000000001, -25.4216], [-54.749500000000005, -25.4216], [-54.749500000000005, -25.421200000000002], [-54.75000000000001, -25.421200000000002], [-54.75000000000001, -25.4216]]]}, "properties": {"distrito": "Los Cedrales", "ndvi_antes": 0.86, "ndvi_despues": 0.01, "delta_ndvi": 0.85, "ha_aprox": 0.22, "ventana_antes": "2026-07-27 a 2026-08-16", "ventana_despues": "2026-08-21 a 2026-09-09", "cruce_fuego": false, "fuente": "Sentinel-2 L2A (Copernicus CDSE)", "res_m": 50}}, {"type": "Feature", "geometry": {"type": "Polygon", "coordinates": [[[-55.09, -25.384400000000003], [-55.0895, -25.384400000000003], [-55.0895, -25.384], [-55.09, -25.384], [-55.09, -25.384400000000003]]]}, "properties": {"distrito": "Los Cedrales", "ndvi_antes": 0.81, "ndvi_despues": -0.02, "delta_ndvi": 0.83, "ha_aprox": 0.22, "ventana_antes": "2026-07-27 a 2026-08-16", "ventana_despues": "2026-08-21 a 2026-09-09", "cruce_fuego": false, "fuente": "Sentinel-2 L2A (Copernicus CDSE)", "res_m": 50}}, {"type": "Feature", "geometry": {"type": "Polygon", "coordinates": [[[-54.940000000000005, -25.678], [-54.9395, -25.678], [-54.9395, -25.677599999999998], [-54.940000000000005, -25.677599999999998], [-54.940000000000005, -25.678]]]}, "properties": {"distrito": "Los Cedrales", "ndvi_antes": 0.85, "ndvi_despues": 0.03, "delta_ndvi": 0.82, "ha_aprox": 0.22, "ventana_antes": "2026-07-27 a 2026-08-16", "ventana_despues": "2026-08-21 a 2026-09-09", "cruce_fuego": false, "fuente": "Sentinel-2 L2A (Copernicus CDSE)", "res_m": 50}}, {"type": "Feature", "geometry": {"type": "Polygon", "coordinates": [[[-54.751000000000005, -25.5848], [-54.7505, -25.5848], [-54.7505, -25.5844], [-54.751000000000005, -25.5844], [-54.751000000000005, -25.5848]]]}, "properties": {"distrito": "Los Cedrales", "ndvi_antes": 0.88, "ndvi_despues": 0.06, "delta_ndvi": 0.82, "ha_aprox": 0.22, "ventana_antes": "2026-07-27 a 2026-08-16", "ventana_despues": "2026-08-21 a 2026-09-09", "cruce_fuego": false, "fuente": "Sentinel-2 L2A (Copernicus CDSE)", "res_m": 50}}, {"type": "Feature", "geometry": {"type": "Polygon", "coordinates": [[[-54.76350000000001, -25.758399999999998], [-54.763000000000005, -25.758399999999998], [-54.763000000000005, -25.758], [-54.76350000000001, -25.758], [-54.76350000000001, -25.758399999999998]]]}, "properties": {"distrito": "Los Cedrales", "ndvi_antes": 0.82, "ndvi_despues": 0.01, "delta_ndvi": 0.81, "ha_aprox": 0.22, "ventana_antes": "2026-07-27 a 2026-08-16", "ventana_despues": "2026-08-21 a 2026-09-09", "cruce_fuego": false, "fuente": "Sentinel-2 L2A (Copernicus CDSE)", "res_m": 50}}, {"type": "Feature", "geometry": {"type": "Polygon", "coordinates": [[[-54.76200000000001, -25.7592], [-54.761500000000005, -25.7592], [-54.761500000000005, -25.7588], [-54.76200000000001, -25.7588], [-54.76200000000001, -25.7592]]]}, "properties": {"distrito": "Los Cedrales", "ndvi_antes": 0.8, "ndvi_despues": -0.0, "delta_ndvi": 0.81, "ha_aprox": 0.22, "ventana_antes": "2026-07-27 a 2026-08-16", "ventana_despues": "2026-08-21 a 2026-09-09", "cruce_fuego": false, "fuente": "Sentinel-2 L2A (Copernicus CDSE)", "res_m": 50}}, {"type": "Feature", "geometry": {"type": "Polygon", "coordinates": [[[-55.0165, -25.782], [-55.016000000000005, -25.782], [-55.016000000000005, -25.781599999999997], [-55.0165, -25.781599999999997], [-55.0165, -25.782]]]}, "properties": {"distrito": "Los Cedrales", "ndvi_antes": 0.94, "ndvi_despues": 0.14, "delta_ndvi": 0.8, "ha_aprox": 0.22, "ventana_antes": "2026-07-27 a 2026-08-16", "ventana_despues": "2026-08-21 a 2026-09-09", "cruce_fuego": false, "fuente": "Sentinel-2 L2A (Copernicus CDSE)", "res_m": 50}}, {"type": "Feature", "geometry": {"type": "Polygon", "coordinates": [[[-55.025000000000006, -25.7868], [-55.0245, -25.7868], [-55.0245, -25.7864], [-55.025000000000006, -25.7864], [-55.025000000000006, -25.7868]]]}, "properties": {"distrito": "Los Cedrales", "ndvi_antes": 0.89, "ndvi_despues": 0.09, "delta_ndvi": 0.8, "ha_aprox": 0.22, "ventana_antes": "2026-07-27 a 2026-08-16", "ventana_despues": "2026-08-21 a 2026-09-09", "cruce_fuego": false, "fuente": "Sentinel-2 L2A (Copernicus CDSE)", "res_m": 50}}, {"type": "Feature", "geometry": {"type": "Polygon", "coordinates": [[[-54.969, -25.6952], [-54.968500000000006, -25.6952], [-54.968500000000006, -25.6948], [-54.969, -25.6948], [-54.969, -25.6952]]]}, "properties": {"distrito": "Los Cedrales", "ndvi_antes": 0.69, "ndvi_despues": -0.11, "delta_ndvi": 0.8, "ha_aprox": 0.22, "ventana_antes": "2026-07-27 a 2026-08-16", "ventana_despues": "2026-08-21 a 2026-09-09", "cruce_fuego": false, "fuente": "Sentinel-2 L2A (Copernicus CDSE)", "res_m": 50}}, {"type": "Feature", "geometry": {"type": "Polygon", "coordinates": [[[-54.951, -25.6972], [-54.950500000000005, -25.6972], [-54.950500000000005, -25.6968], [-54.951, -25.6968], [-54.951, -25.6972]]]}, "properties": {"distrito": "Los Cedrales", "ndvi_antes": 0.89, "ndvi_despues": 0.1, "delta_ndvi": 0.79, "ha_aprox": 0.22, "ventana_antes": "2026-07-27 a 2026-08-16", "ventana_despues": "2026-08-21 a 2026-09-09", "cruce_fuego": false, "fuente": "Sentinel-2 L2A (Copernicus CDSE)", "res_m": 50}}, {"type": "Feature", "geometry": {"type": "Polygon", "coordinates": [[[-54.9095, -25.801199999999998], [-54.909000000000006, -25.801199999999998], [-54.909000000000006, -25.8008], [-54.9095, -25.8008], [-54.9095, -25.801199999999998]]]}, "properties": {"distrito": "Los Cedrales", "ndvi_antes": 0.84, "ndvi_despues": 0.05, "delta_ndvi": 0.79, "ha_aprox": 0.22, "ventana_antes": "2026-07-27 a 2026-08-16", "ventana_despues": "2026-08-21 a 2026-09-09", "cruce_fuego": false, "fuente": "Sentinel-2 L2A (Copernicus CDSE)", "res_m": 50}}, {"type": "Feature", "geometry": {"type": "Polygon", "coordinates": [[[-55.153, -25.439600000000002], [-55.1525, -25.439600000000002], [-55.1525, -25.4392], [-55.153, -25.4392], [-55.153, -25.439600000000002]]]}, "properties": {"distrito": "Los Cedrales", "ndvi_antes": 0.79, "ndvi_despues": 0.01, "delta_ndvi": 0.78, "ha_aprox": 0.22, "ventana_antes": "2026-07-27 a 2026-08-16", "ventana_despues": "2026-08-21 a 2026-09-09", "cruce_fuego": false, "fuente": "Sentinel-2 L2A (Copernicus CDSE)", "res_m": 50}}, {"type": "Feature", "geometry": {"type": "Polygon", "coordinates": [[[-54.8575, -25.5116], [-54.857000000000006, -25.5116], [-54.857000000000006, -25.511200000000002], [-54.8575, -25.511200000000002], [-54.8575, -25.5116]]]}, "properties": {"distrito": "Los Cedrales", "ndvi_antes": 0.75, "ndvi_despues": -0.02, "delta_ndvi": 0.77, "ha_aprox": 0.22, "ventana_antes": "2026-07-27 a 2026-08-16", "ventana_despues": "2026-08-21 a 2026-09-09", "cruce_fuego": false, "fuente": "Sentinel-2 L2A (Copernicus CDSE)", "res_m": 50}}, {"type": "Feature", "geometry": {"type": "Polygon", "coordinates": [[[-54.749500000000005, -25.4208], [-54.749, -25.4208], [-54.749, -25.4204], [-54.749500000000005, -25.4204], [-54.749500000000005, -25.4208]]]}, "properties": {"distrito": "Los Cedrales", "ndvi_antes": 0.87, "ndvi_despues": 0.1, "delta_ndvi": 0.77, "ha_aprox": 0.22, "ventana_antes": "2026-07-27 a 2026-08-16", "ventana_despues": "2026-08-21 a 2026-09-09", "cruce_fuego": false, "fuente": "Sentinel-2 L2A (Copernicus CDSE)", "res_m": 50}}, {"type": "Feature", "geometry": {"type": "Polygon", "coordinates": [[[-55.019000000000005, -25.784399999999998], [-55.0185, -25.784399999999998], [-55.0185, -25.784], [-55.019000000000005, -25.784], [-55.019000000000005, -25.784399999999998]]]}, "properties": {"distrito": "Los Cedrales", "ndvi_antes": 0.91, "ndvi_despues": 0.14, "delta_ndvi": 0.77, "ha_aprox": 0.22, "ventana_antes": "2026-07-27 a 2026-08-16", "ventana_despues": "2026-08-21 a 2026-09-09", "cruce_fuego": false, "fuente": "Sentinel-2 L2A (Copernicus CDSE)", "res_m": 50}}, {"type": "Feature", "geometry": {"type": "Polygon", "coordinates": [[[-55.025000000000006, -25.7872], [-55.0245, -25.7872], [-55.0245, -25.7868], [-55.025000000000006, -25.7868], [-55.025000000000006, -25.7872]]]}, "properties": {"distrito": "Los Cedrales", "ndvi_antes": 0.88, "ndvi_despues": 0.11, "delta_ndvi": 0.77, "ha_aprox": 0.22, "ventana_antes": "2026-07-27 a 2026-08-16", "ventana_despues": "2026-08-21 a 2026-09-09", "cruce_fuego": false, "fuente": "Sentinel-2 L2A (Copernicus CDSE)", "res_m": 50}}, {"type": "Feature", "geometry": {"type": "Polygon", "coordinates": [[[-54.909000000000006, -25.801199999999998], [-54.908500000000004, -25.801199999999998], [-54.908500000000004, -25.8008], [-54.909000000000006, -25.8008], [-54.909000000000006, -25.801199999999998]]]}, "properties": {"distrito": "Los Cedrales", "ndvi_antes": 0.83, "ndvi_despues": 0.06, "delta_ndvi": 0.77, "ha_aprox": 0.22, "ventana_antes": "2026-07-27 a 2026-08-16", "ventana_despues": "2026-08-21 a 2026-09-09", "cruce_fuego": false, "fuente": "Sentinel-2 L2A (Copernicus CDSE)", "res_m": 50}}, {"type": "Feature", "geometry": {"type": "Polygon", "coordinates": [[[-54.75000000000001, -25.4204], [-54.749500000000005, -25.4204], [-54.749500000000005, -25.42], [-54.75000000000001, -25.42], [-54.75000000000001, -25.4204]]]}, "properties": {"distrito": "Los Cedrales", "ndvi_antes": 0.84, "ndvi_despues": 0.08, "delta_ndvi": 0.76, "ha_aprox": 0.22, "ventana_antes": "2026-07-27 a 2026-08-16", "ventana_despues": "2026-08-21 a 2026-09-09", "cruce_fuego": false, "fuente": "Sentinel-2 L2A (Copernicus CDSE)", "res_m": 50}}, {"type": "Feature", "geometry": {"type": "Polygon", "coordinates": [[[-54.757000000000005, -25.5184], [-54.7565, -25.5184], [-54.7565, -25.518], [-54.757000000000005, -25.518], [-54.757000000000005, -25.5184]]]}, "properties": {"distrito": "Los Cedrales", "ndvi_antes": 0.89, "ndvi_despues": 0.13, "delta_ndvi": 0.76, "ha_aprox": 0.22, "ventana_antes": "2026-07-27 a 2026-08-16", "ventana_despues": "2026-08-21 a 2026-09-09", "cruce_fuego": false, "fuente": "Sentinel-2 L2A (Copernicus CDSE)", "res_m": 50}}, {"type": "Feature", "geometry": {"type": "Polygon", "coordinates": [[[-55.0225, -25.7888], [-55.022000000000006, -25.7888], [-55.022000000000006, -25.7884], [-55.0225, -25.7884], [-55.0225, -25.7888]]]}, "properties": {"distrito": "Los Cedrales", "ndvi_antes": 0.89, "ndvi_despues": 0.13, "delta_ndvi": 0.76, "ha_aprox": 0.22, "ventana_antes": "2026-07-27 a 2026-08-16", "ventana_despues": "2026-08-21 a 2026-09-09", "cruce_fuego": false, "fuente": "Sentinel-2 L2A (Copernicus CDSE)", "res_m": 50}}, {"type": "Feature", "geometry": {"type": "Polygon", "coordinates": [[[-55.0185, -25.7896], [-55.018, -25.7896], [-55.018, -25.789199999999997], [-55.0185, -25.789199999999997], [-55.0185, -25.7896]]]}, "properties": {"distrito": "Los Cedrales", "ndvi_antes": 0.9, "ndvi_despues": 0.14, "delta_ndvi": 0.76, "ha_aprox": 0.22, "ventana_antes": "2026-07-27 a 2026-08-16", "ventana_despues": "2026-08-21 a 2026-09-09", "cruce_fuego": false, "fuente": "Sentinel-2 L2A (Copernicus CDSE)", "res_m": 50}}, {"type": "Feature", "geometry": {"type": "Polygon", "coordinates": [[[-54.910000000000004, -25.801199999999998], [-54.9095, -25.801199999999998], [-54.9095, -25.8008], [-54.910000000000004, -25.8008], [-54.910000000000004, -25.801199999999998]]]}, "properties": {"distrito": "Los Cedrales", "ndvi_antes": 0.86, "ndvi_despues": 0.1, "delta_ndvi": 0.76, "ha_aprox": 0.22, "ventana_antes": "2026-07-27 a 2026-08-16", "ventana_despues": "2026-08-21 a 2026-09-09", "cruce_fuego": false, "fuente": "Sentinel-2 L2A (Copernicus CDSE)", "res_m": 50}}, {"type": "Feature", "geometry": {"type": "Polygon", "coordinates": [[[-54.666500000000006, -25.6448], [-54.666000000000004, -25.6448], [-54.666000000000004, -25.6444], [-54.666500000000006, -25.6444], [-54.666500000000006, -25.6448]]]}, "properties": {"distrito": "Los Cedrales", "ndvi_antes": 0.84, "ndvi_despues": 0.09, "delta_ndvi": 0.75, "ha_aprox": 0.22, "ventana_antes": "2026-07-27 a 2026-08-16", "ventana_despues": "2026-08-21 a 2026-09-09", "cruce_fuego": false, "fuente": "Sentinel-2 L2A (Copernicus CDSE)", "res_m": 50}}, {"type": "Feature", "geometry": {"type": "Polygon", "coordinates": [[[-55.021, -25.7856], [-55.020500000000006, -25.7856], [-55.020500000000006, -25.7852], [-55.021, -25.7852], [-55.021, -25.7856]]]}, "properties": {"distrito": "Los Cedrales", "ndvi_antes": 0.9, "ndvi_despues": 0.15, "delta_ndvi": 0.75, "ha_aprox": 0.22, "ventana_antes": "2026-07-27 a 2026-08-16", "ventana_despues": "2026-08-21 a 2026-09-09", "cruce_fuego": false, "fuente": "Sentinel-2 L2A (Copernicus CDSE)", "res_m": 50}}, {"type": "Feature", "geometry": {"type": "Polygon", "coordinates": [[[-54.908, -25.8004], [-54.907500000000006, -25.8004], [-54.907500000000006, -25.799999999999997], [-54.908, -25.799999999999997], [-54.908, -25.8004]]]}, "properties": {"distrito": "Los Cedrales", "ndvi_antes": 0.87, "ndvi_despues": 0.11, "delta_ndvi": 0.75, "ha_aprox": 0.22, "ventana_antes": "2026-07-27 a 2026-08-16", "ventana_despues": "2026-08-21 a 2026-09-09", "cruce_fuego": false, "fuente": "Sentinel-2 L2A (Copernicus CDSE)", "res_m": 50}}, {"type": "Feature", "geometry": {"type": "Polygon", "coordinates": [[[-54.911, -25.807599999999997], [-54.910500000000006, -25.807599999999997], [-54.910500000000006, -25.807199999999998], [-54.911, -25.807199999999998], [-54.911, -25.807599999999997]]]}, "properties": {"distrito": "Los Cedrales", "ndvi_antes": 0.93, "ndvi_despues": 0.18, "delta_ndvi": 0.75, "ha_aprox": 0.22, "ventana_antes": "2026-07-27 a 2026-08-16", "ventana_despues": "2026-08-21 a 2026-09-09", "cruce_fuego": false, "fuente": "Sentinel-2 L2A (Copernicus CDSE)", "res_m": 50}}, {"type": "Feature", "geometry": {"type": "Polygon", "coordinates": [[[-54.843500000000006, -25.4728], [-54.843, -25.4728], [-54.843, -25.4724], [-54.843500000000006, -25.4724], [-54.843500000000006, -25.4728]]]}, "properties": {"distrito": "Los Cedrales", "ndvi_antes": 0.79, "ndvi_despues": 0.04, "delta_ndvi": 0.75, "ha_aprox": 0.22, "ventana_antes": "2026-07-27 a 2026-08-16", "ventana_despues": "2026-08-21 a 2026-09-09", "cruce_fuego": false, "fuente": "Sentinel-2 L2A (Copernicus CDSE)", "res_m": 50}}, {"type": "Feature", "geometry": {"type": "Polygon", "coordinates": [[[-54.75450000000001, -25.5848], [-54.754000000000005, -25.5848], [-54.754000000000005, -25.5844], [-54.75450000000001, -25.5844], [-54.75450000000001, -25.5848]]]}, "properties": {"distrito": "Los Cedrales", "ndvi_antes": 0.89, "ndvi_despues": 0.15, "delta_ndvi": 0.75, "ha_aprox": 0.22, "ventana_antes": "2026-07-27 a 2026-08-16", "ventana_despues": "2026-08-21 a 2026-09-09", "cruce_fuego": false, "fuente": "Sentinel-2 L2A (Copernicus CDSE)", "res_m": 50}}, {"type": "Feature", "geometry": {"type": "Polygon", "coordinates": [[[-55.022000000000006, -25.7864], [-55.0215, -25.7864], [-55.0215, -25.785999999999998], [-55.022000000000006, -25.785999999999998], [-55.022000000000006, -25.7864]]]}, "properties": {"distrito": "Los Cedrales", "ndvi_antes": 0.9, "ndvi_despues": 0.15, "delta_ndvi": 0.75, "ha_aprox": 0.22, "ventana_antes": "2026-07-27 a 2026-08-16", "ventana_despues": "2026-08-21 a 2026-09-09", "cruce_fuego": false, "fuente": "Sentinel-2 L2A (Copernicus CDSE)", "res_m": 50}}, {"type": "Feature", "geometry": {"type": "Polygon", "coordinates": [[[-55.023, -25.7868], [-55.0225, -25.7868], [-55.0225, -25.7864], [-55.023, -25.7864], [-55.023, -25.7868]]]}, "properties": {"distrito": "Los Cedrales", "ndvi_antes": 0.9, "ndvi_despues": 0.15, "delta_ndvi": 0.75, "ha_aprox": 0.22, "ventana_antes": "2026-07-27 a 2026-08-16", "ventana_despues": "2026-08-21 a 2026-09-09", "cruce_fuego": false, "fuente": "Sentinel-2 L2A (Copernicus CDSE)", "res_m": 50}}, {"type": "Feature", "geometry": {"type": "Polygon", "coordinates": [[[-55.025000000000006, -25.787599999999998], [-55.0245, -25.787599999999998], [-55.0245, -25.7872], [-55.025000000000006, -25.7872], [-55.025000000000006, -25.787599999999998]]]}, "properties": {"distrito": "Los Cedrales", "ndvi_antes": 0.9, "ndvi_despues": 0.15, "delta_ndvi": 0.75, "ha_aprox": 0.22, "ventana_antes": "2026-07-27 a 2026-08-16", "ventana_despues": "2026-08-21 a 2026-09-09", "cruce_fuego": false, "fuente": "Sentinel-2 L2A (Copernicus CDSE)", "res_m": 50}}, {"type": "Feature", "geometry": {"type": "Polygon", "coordinates": [[[-55.024, -25.788], [-55.023500000000006, -25.788], [-55.023500000000006, -25.787599999999998], [-55.024, -25.787599999999998], [-55.024, -25.788]]]}, "properties": {"distrito": "Los Cedrales", "ndvi_antes": 0.88, "ndvi_despues": 0.14, "delta_ndvi": 0.75, "ha_aprox": 0.22, "ventana_antes": "2026-07-27 a 2026-08-16", "ventana_despues": "2026-08-21 a 2026-09-09", "cruce_fuego": false, "fuente": "Sentinel-2 L2A (Copernicus CDSE)", "res_m": 50}}, {"type": "Feature", "geometry": {"type": "Polygon", "coordinates": [[[-54.908500000000004, -25.8008], [-54.908, -25.8008], [-54.908, -25.8004], [-54.908500000000004, -25.8004], [-54.908500000000004, -25.8008]]]}, "properties": {"distrito": "Los Cedrales", "ndvi_antes": 0.85, "ndvi_despues": 0.11, "delta_ndvi": 0.75, "ha_aprox": 0.22, "ventana_antes": "2026-07-27 a 2026-08-16", "ventana_despues": "2026-08-21 a 2026-09-09", "cruce_fuego": false, "fuente": "Sentinel-2 L2A (Copernicus CDSE)", "res_m": 50}}, {"type": "Feature", "geometry": {"type": "Polygon", "coordinates": [[[-54.910000000000004, -25.807599999999997], [-54.9095, -25.807599999999997], [-54.9095, -25.807199999999998], [-54.910000000000004, -25.807199999999998], [-54.910000000000004, -25.807599999999997]]]}, "properties": {"distrito": "Los Cedrales", "ndvi_antes": 0.91, "ndvi_despues": 0.16, "delta_ndvi": 0.75, "ha_aprox": 0.22, "ventana_antes": "2026-07-27 a 2026-08-16", "ventana_despues": "2026-08-21 a 2026-09-09", "cruce_fuego": false, "fuente": "Sentinel-2 L2A (Copernicus CDSE)", "res_m": 50}}, {"type": "Feature", "geometry": {"type": "Polygon", "coordinates": [[[-54.858000000000004, -25.5116], [-54.8575, -25.5116], [-54.8575, -25.511200000000002], [-54.858000000000004, -25.511200000000002], [-54.858000000000004, -25.5116]]]}, "properties": {"distrito": "Los Cedrales", "ndvi_antes": 0.75, "ndvi_despues": 0.01, "delta_ndvi": 0.74, "ha_aprox": 0.22, "ventana_antes": "2026-07-27 a 2026-08-16", "ventana_despues": "2026-08-21 a 2026-09-09", "cruce_fuego": false, "fuente": "Sentinel-2 L2A (Copernicus CDSE)", "res_m": 50}}, {"type": "Feature", "geometry": {"type": "Polygon", "coordinates": [[[-54.681000000000004, -25.6432], [-54.6805, -25.6432], [-54.6805, -25.6428], [-54.681000000000004, -25.6428], [-54.681000000000004, -25.6432]]]}, "properties": {"distrito": "Los Cedrales", "ndvi_antes": 0.68, "ndvi_despues": -0.06, "delta_ndvi": 0.74, "ha_aprox": 0.22, "ventana_antes": "2026-07-27 a 2026-08-16", "ventana_despues": "2026-08-21 a 2026-09-09", "cruce_fuego": false, "fuente": "Sentinel-2 L2A (Copernicus CDSE)", "res_m": 50}}, {"type": "Feature", "geometry": {"type": "Polygon", "coordinates": [[[-54.940000000000005, -25.677599999999998], [-54.9395, -25.677599999999998], [-54.9395, -25.6772], [-54.940000000000005, -25.6772], [-54.940000000000005, -25.677599999999998]]]}, "properties": {"distrito": "Los Cedrales", "ndvi_antes": 0.81, "ndvi_despues": 0.07, "delta_ndvi": 0.74, "ha_aprox": 0.22, "ventana_antes": "2026-07-27 a 2026-08-16", "ventana_despues": "2026-08-21 a 2026-09-09", "cruce_fuego": false, "fuente": "Sentinel-2 L2A (Copernicus CDSE)", "res_m": 50}}, {"type": "Feature", "geometry": {"type": "Polygon", "coordinates": [[[-55.024, -25.7868], [-55.023500000000006, -25.7868], [-55.023500000000006, -25.7864], [-55.024, -25.7864], [-55.024, -25.7868]]]}, "properties": {"distrito": "Los Cedrales", "ndvi_antes": 0.89, "ndvi_despues": 0.15, "delta_ndvi": 0.74, "ha_aprox": 0.22, "ventana_antes": "2026-07-27 a 2026-08-16", "ventana_despues": "2026-08-21 a 2026-09-09", "cruce_fuego": false, "fuente": "Sentinel-2 L2A (Copernicus CDSE)", "res_m": 50}}, {"type": "Feature", "geometry": {"type": "Polygon", "coordinates": [[[-55.0165, -25.7872], [-55.016000000000005, -25.7872], [-55.016000000000005, -25.7868], [-55.0165, -25.7868], [-55.0165, -25.7872]]]}, "properties": {"distrito": "Los Cedrales", "ndvi_antes": 0.91, "ndvi_despues": 0.18, "delta_ndvi": 0.74, "ha_aprox": 0.22, "ventana_antes": "2026-07-27 a 2026-08-16", "ventana_despues": "2026-08-21 a 2026-09-09", "cruce_fuego": false, "fuente": "Sentinel-2 L2A (Copernicus CDSE)", "res_m": 50}}, {"type": "Feature", "geometry": {"type": "Polygon", "coordinates": [[[-54.676, -26.275599999999997], [-54.6755, -26.275599999999997], [-54.6755, -26.275199999999998], [-54.676, -26.275199999999998], [-54.676, -26.275599999999997]]]}, "properties": {"distrito": "Ñacunday", "ndvi_antes": 0.66, "ndvi_despues": -0.45, "delta_ndvi": 1.11, "ha_aprox": 0.22, "ventana_antes": "2026-07-27 a 2026-08-16", "ventana_despues": "2026-08-21 a 2026-09-09", "cruce_fuego": false, "fuente": "Sentinel-2 L2A (Copernicus CDSE)", "res_m": 50}}, {"type": "Feature", "geometry": {"type": "Polygon", "coordinates": [[[-54.7065, -26.0172], [-54.706, -26.0172], [-54.706, -26.0168], [-54.7065, -26.0168], [-54.7065, -26.0172]]]}, "properties": {"distrito": "Ñacunday", "ndvi_antes": 0.84, "ndvi_despues": -0.12, "delta_ndvi": 0.96, "ha_aprox": 0.22, "ventana_antes": "2026-07-27 a 2026-08-16", "ventana_despues": "2026-08-21 a 2026-09-09", "cruce_fuego": false, "fuente": "Sentinel-2 L2A (Copernicus CDSE)", "res_m": 50}}, {"type": "Feature", "geometry": {"type": "Polygon", "coordinates": [[[-55.025999999999996, -26.0988], [-55.025499999999994, -26.0988], [-55.025499999999994, -26.098399999999998], [-55.025999999999996, -26.098399999999998], [-55.025999999999996, -26.0988]]]}, "properties": {"distrito": "Ñacunday", "ndvi_antes": 0.84, "ndvi_despues": -0.04, "delta_ndvi": 0.89, "ha_aprox": 0.22, "ventana_antes": "2026-07-27 a 2026-08-16", "ventana_despues": "2026-08-21 a 2026-09-09", "cruce_fuego": false, "fuente": "Sentinel-2 L2A (Copernicus CDSE)", "res_m": 50}}, {"type": "Feature", "geometry": {"type": "Polygon", "coordinates": [[[-54.624, -26.000799999999998], [-54.6235, -26.000799999999998], [-54.6235, -26.0004], [-54.624, -26.0004], [-54.624, -26.000799999999998]]]}, "properties": {"distrito": "Ñacunday", "ndvi_antes": 0.8, "ndvi_despues": -0.07, "delta_ndvi": 0.88, "ha_aprox": 0.22, "ventana_antes": "2026-07-27 a 2026-08-16", "ventana_despues": "2026-08-21 a 2026-09-09", "cruce_fuego": false, "fuente": "Sentinel-2 L2A (Copernicus CDSE)", "res_m": 50}}, {"type": "Feature", "geometry": {"type": "Polygon", "coordinates": [[[-54.699, -26.2884], [-54.6985, -26.2884], [-54.6985, -26.287999999999997], [-54.699, -26.287999999999997], [-54.699, -26.2884]]]}, "properties": {"distrito": "Ñacunday", "ndvi_antes": 0.71, "ndvi_despues": -0.16, "delta_ndvi": 0.87, "ha_aprox": 0.22, "ventana_antes": "2026-07-27 a 2026-08-16", "ventana_despues": "2026-08-21 a 2026-09-09", "cruce_fuego": false, "fuente": "Sentinel-2 L2A (Copernicus CDSE)", "res_m": 50}}, {"type": "Feature", "geometry": {"type": "Polygon", "coordinates": [[[-54.8605, -26.0516], [-54.86, -26.0516], [-54.86, -26.051199999999998], [-54.8605, -26.051199999999998], [-54.8605, -26.0516]]]}, "properties": {"distrito": "Ñacunday", "ndvi_antes": 0.76, "ndvi_despues": -0.1, "delta_ndvi": 0.85, "ha_aprox": 0.22, "ventana_antes": "2026-07-27 a 2026-08-16", "ventana_despues": "2026-08-21 a 2026-09-09", "cruce_fuego": false, "fuente": "Sentinel-2 L2A (Copernicus CDSE)", "res_m": 50}}, {"type": "Feature", "geometry": {"type": "Polygon", "coordinates": [[[-54.7055, -25.9968], [-54.705, -25.9968], [-54.705, -25.9964], [-54.7055, -25.9964], [-54.7055, -25.9968]]]}, "properties": {"distrito": "Ñacunday", "ndvi_antes": 0.73, "ndvi_despues": -0.11, "delta_ndvi": 0.84, "ha_aprox": 0.22, "ventana_antes": "2026-07-27 a 2026-08-16", "ventana_despues": "2026-08-21 a 2026-09-09", "cruce_fuego": false, "fuente": "Sentinel-2 L2A (Copernicus CDSE)", "res_m": 50}}, {"type": "Feature", "geometry": {"type": "Polygon", "coordinates": [[[-55.021499999999996, -26.0992], [-55.021, -26.0992], [-55.021, -26.0988], [-55.021499999999996, -26.0988], [-55.021499999999996, -26.0992]]]}, "properties": {"distrito": "Ñacunday", "ndvi_antes": 0.82, "ndvi_despues": -0.01, "delta_ndvi": 0.83, "ha_aprox": 0.22, "ventana_antes": "2026-07-27 a 2026-08-16", "ventana_despues": "2026-08-21 a 2026-09-09", "cruce_fuego": false, "fuente": "Sentinel-2 L2A (Copernicus CDSE)", "res_m": 50}}, {"type": "Feature", "geometry": {"type": "Polygon", "coordinates": [[[-55.022999999999996, -26.0996], [-55.0225, -26.0996], [-55.0225, -26.0992], [-55.022999999999996, -26.0992], [-55.022999999999996, -26.0996]]]}, "properties": {"distrito": "Ñacunday", "ndvi_antes": 0.81, "ndvi_despues": -0.01, "delta_ndvi": 0.82, "ha_aprox": 0.22, "ventana_antes": "2026-07-27 a 2026-08-16", "ventana_despues": "2026-08-21 a 2026-09-09", "cruce_fuego": false, "fuente": "Sentinel-2 L2A (Copernicus CDSE)", "res_m": 50}}, {"type": "Feature", "geometry": {"type": "Polygon", "coordinates": [[[-55.024499999999996, -26.0992], [-55.024, -26.0992], [-55.024, -26.0988], [-55.024499999999996, -26.0988], [-55.024499999999996, -26.0992]]]}, "properties": {"distrito": "Ñacunday", "ndvi_antes": 0.81, "ndvi_despues": 0.02, "delta_ndvi": 0.79, "ha_aprox": 0.22, "ventana_antes": "2026-07-27 a 2026-08-16", "ventana_despues": "2026-08-21 a 2026-09-09", "cruce_fuego": false, "fuente": "Sentinel-2 L2A (Copernicus CDSE)", "res_m": 50}}, {"type": "Feature", "geometry": {"type": "Polygon", "coordinates": [[[-54.9645, -26.373199999999997], [-54.964, -26.373199999999997], [-54.964, -26.372799999999998], [-54.9645, -26.372799999999998], [-54.9645, -26.373199999999997]]]}, "properties": {"distrito": "Ñacunday", "ndvi_antes": 0.98, "ndvi_despues": 0.18, "delta_ndvi": 0.79, "ha_aprox": 0.22, "ventana_antes": "2026-07-27 a 2026-08-16", "ventana_despues": "2026-08-21 a 2026-09-09", "cruce_fuego": false, "fuente": "Sentinel-2 L2A (Copernicus CDSE)", "res_m": 50}}, {"type": "Feature", "geometry": {"type": "Polygon", "coordinates": [[[-55.022, -26.1004], [-55.021499999999996, -26.1004], [-55.021499999999996, -26.099999999999998], [-55.022, -26.099999999999998], [-55.022, -26.1004]]]}, "properties": {"distrito": "Ñacunday", "ndvi_antes": 0.83, "ndvi_despues": 0.04, "delta_ndvi": 0.79, "ha_aprox": 0.22, "ventana_antes": "2026-07-27 a 2026-08-16", "ventana_despues": "2026-08-21 a 2026-09-09", "cruce_fuego": false, "fuente": "Sentinel-2 L2A (Copernicus CDSE)", "res_m": 50}}, {"type": "Feature", "geometry": {"type": "Polygon", "coordinates": [[[-55.025, -26.098399999999998], [-55.024499999999996, -26.098399999999998], [-55.024499999999996, -26.098], [-55.025, -26.098], [-55.025, -26.098399999999998]]]}, "properties": {"distrito": "Ñacunday", "ndvi_antes": 0.8, "ndvi_despues": 0.01, "delta_ndvi": 0.78, "ha_aprox": 0.22, "ventana_antes": "2026-07-27 a 2026-08-16", "ventana_despues": "2026-08-21 a 2026-09-09", "cruce_fuego": false, "fuente": "Sentinel-2 L2A (Copernicus CDSE)", "res_m": 50}}, {"type": "Feature", "geometry": {"type": "Polygon", "coordinates": [[[-55.0235, -26.0988], [-55.022999999999996, -26.0988], [-55.022999999999996, -26.098399999999998], [-55.0235, -26.098399999999998], [-55.0235, -26.0988]]]}, "properties": {"distrito": "Ñacunday", "ndvi_antes": 0.81, "ndvi_despues": 0.03, "delta_ndvi": 0.78, "ha_aprox": 0.22, "ventana_antes": "2026-07-27 a 2026-08-16", "ventana_despues": "2026-08-21 a 2026-09-09", "cruce_fuego": false, "fuente": "Sentinel-2 L2A (Copernicus CDSE)", "res_m": 50}}, {"type": "Feature", "geometry": {"type": "Polygon", "coordinates": [[[-54.673500000000004, -26.177999999999997], [-54.673, -26.177999999999997], [-54.673, -26.177599999999998], [-54.673500000000004, -26.177599999999998], [-54.673500000000004, -26.177999999999997]]]}, "properties": {"distrito": "Ñacunday", "ndvi_antes": 0.8, "ndvi_despues": 0.02, "delta_ndvi": 0.78, "ha_aprox": 0.22, "ventana_antes": "2026-07-27 a 2026-08-16", "ventana_despues": "2026-08-21 a 2026-09-09", "cruce_fuego": false, "fuente": "Sentinel-2 L2A (Copernicus CDSE)", "res_m": 50}}, {"type": "Feature", "geometry": {"type": "Polygon", "coordinates": [[[-55.024, -26.0996], [-55.0235, -26.0996], [-55.0235, -26.0992], [-55.024, -26.0992], [-55.024, -26.0996]]]}, "properties": {"distrito": "Ñacunday", "ndvi_antes": 0.82, "ndvi_despues": 0.04, "delta_ndvi": 0.78, "ha_aprox": 0.22, "ventana_antes": "2026-07-27 a 2026-08-16", "ventana_despues": "2026-08-21 a 2026-09-09", "cruce_fuego": false, "fuente": "Sentinel-2 L2A (Copernicus CDSE)", "res_m": 50}}, {"type": "Feature", "geometry": {"type": "Polygon", "coordinates": [[[-55.0205, -26.1004], [-55.019999999999996, -26.1004], [-55.019999999999996, -26.099999999999998], [-55.0205, -26.099999999999998], [-55.0205, -26.1004]]]}, "properties": {"distrito": "Ñacunday", "ndvi_antes": 0.83, "ndvi_despues": 0.05, "delta_ndvi": 0.78, "ha_aprox": 0.22, "ventana_antes": "2026-07-27 a 2026-08-16", "ventana_despues": "2026-08-21 a 2026-09-09", "cruce_fuego": false, "fuente": "Sentinel-2 L2A (Copernicus CDSE)", "res_m": 50}}, {"type": "Feature", "geometry": {"type": "Polygon", "coordinates": [[[-54.881499999999996, -26.321599999999997], [-54.881, -26.321599999999997], [-54.881, -26.321199999999997], [-54.881499999999996, -26.321199999999997], [-54.881499999999996, -26.321599999999997]]]}, "properties": {"distrito": "Ñacunday", "ndvi_antes": 0.95, "ndvi_despues": 0.17, "delta_ndvi": 0.78, "ha_aprox": 0.22, "ventana_antes": "2026-07-27 a 2026-08-16", "ventana_despues": "2026-08-21 a 2026-09-09", "cruce_fuego": false, "fuente": "Sentinel-2 L2A (Copernicus CDSE)", "res_m": 50}}, {"type": "Feature", "geometry": {"type": "Polygon", "coordinates": [[[-54.882999999999996, -26.324799999999996], [-54.8825, -26.324799999999996], [-54.8825, -26.324399999999997], [-54.882999999999996, -26.324399999999997], [-54.882999999999996, -26.324799999999996]]]}, "properties": {"distrito": "Ñacunday", "ndvi_antes": 0.91, "ndvi_despues": 0.13, "delta_ndvi": 0.78, "ha_aprox": 0.22, "ventana_antes": "2026-07-27 a 2026-08-16", "ventana_despues": "2026-08-21 a 2026-09-09", "cruce_fuego": false, "fuente": "Sentinel-2 L2A (Copernicus CDSE)", "res_m": 50}}, {"type": "Feature", "geometry": {"type": "Polygon", "coordinates": [[[-54.9115, -26.0036], [-54.911, -26.0036], [-54.911, -26.0032], [-54.9115, -26.0032], [-54.9115, -26.0036]]]}, "properties": {"distrito": "Ñacunday", "ndvi_antes": 0.86, "ndvi_despues": 0.09, "delta_ndvi": 0.77, "ha_aprox": 0.22, "ventana_antes": "2026-07-27 a 2026-08-16", "ventana_despues": "2026-08-21 a 2026-09-09", "cruce_fuego": false, "fuente": "Sentinel-2 L2A (Copernicus CDSE)", "res_m": 50}}, {"type": "Feature", "geometry": {"type": "Polygon", "coordinates": [[[-54.702, -25.9804], [-54.7015, -25.9804], [-54.7015, -25.98], [-54.702, -25.98], [-54.702, -25.9804]]]}, "properties": {"distrito": "Ñacunday", "ndvi_antes": 0.89, "ndvi_despues": 0.12, "delta_ndvi": 0.77, "ha_aprox": 0.22, "ventana_antes": "2026-07-27 a 2026-08-16", "ventana_despues": "2026-08-21 a 2026-09-09", "cruce_fuego": false, "fuente": "Sentinel-2 L2A (Copernicus CDSE)", "res_m": 50}}, {"type": "Feature", "geometry": {"type": "Polygon", "coordinates": [[[-54.912, -26.0036], [-54.9115, -26.0036], [-54.9115, -26.0032], [-54.912, -26.0032], [-54.912, -26.0036]]]}, "properties": {"distrito": "Ñacunday", "ndvi_antes": 0.87, "ndvi_despues": 0.1, "delta_ndvi": 0.77, "ha_aprox": 0.22, "ventana_antes": "2026-07-27 a 2026-08-16", "ventana_despues": "2026-08-21 a 2026-09-09", "cruce_fuego": false, "fuente": "Sentinel-2 L2A (Copernicus CDSE)", "res_m": 50}}, {"type": "Feature", "geometry": {"type": "Polygon", "coordinates": [[[-55.019999999999996, -26.1004], [-55.0195, -26.1004], [-55.0195, -26.099999999999998], [-55.019999999999996, -26.099999999999998], [-55.019999999999996, -26.1004]]]}, "properties": {"distrito": "Ñacunday", "ndvi_antes": 0.83, "ndvi_despues": 0.06, "delta_ndvi": 0.77, "ha_aprox": 0.22, "ventana_antes": "2026-07-27 a 2026-08-16", "ventana_despues": "2026-08-21 a 2026-09-09", "cruce_fuego": false, "fuente": "Sentinel-2 L2A (Copernicus CDSE)", "res_m": 50}}, {"type": "Feature", "geometry": {"type": "Polygon", "coordinates": [[[-54.9235, -26.3284], [-54.923, -26.3284], [-54.923, -26.327999999999996], [-54.9235, -26.327999999999996], [-54.9235, -26.3284]]]}, "properties": {"distrito": "Ñacunday", "ndvi_antes": 0.88, "ndvi_despues": 0.11, "delta_ndvi": 0.77, "ha_aprox": 0.22, "ventana_antes": "2026-07-27 a 2026-08-16", "ventana_despues": "2026-08-21 a 2026-09-09", "cruce_fuego": false, "fuente": "Sentinel-2 L2A (Copernicus CDSE)", "res_m": 50}}, {"type": "Feature", "geometry": {"type": "Polygon", "coordinates": [[[-54.9265, -26.330799999999996], [-54.925999999999995, -26.330799999999996], [-54.925999999999995, -26.330399999999997], [-54.9265, -26.330399999999997], [-54.9265, -26.330799999999996]]]}, "properties": {"distrito": "Ñacunday", "ndvi_antes": 0.88, "ndvi_despues": 0.11, "delta_ndvi": 0.77, "ha_aprox": 0.22, "ventana_antes": "2026-07-27 a 2026-08-16", "ventana_despues": "2026-08-21 a 2026-09-09", "cruce_fuego": false, "fuente": "Sentinel-2 L2A (Copernicus CDSE)", "res_m": 50}}, {"type": "Feature", "geometry": {"type": "Polygon", "coordinates": [[[-54.949999999999996, -26.3452], [-54.9495, -26.3452], [-54.9495, -26.344799999999996], [-54.949999999999996, -26.344799999999996], [-54.949999999999996, -26.3452]]]}, "properties": {"distrito": "Ñacunday", "ndvi_antes": 0.91, "ndvi_despues": 0.15, "delta_ndvi": 0.76, "ha_aprox": 0.22, "ventana_antes": "2026-07-27 a 2026-08-16", "ventana_despues": "2026-08-21 a 2026-09-09", "cruce_fuego": false, "fuente": "Sentinel-2 L2A (Copernicus CDSE)", "res_m": 50}}, {"type": "Feature", "geometry": {"type": "Polygon", "coordinates": [[[-55.021499999999996, -26.0996], [-55.021, -26.0996], [-55.021, -26.0992], [-55.021499999999996, -26.0992], [-55.021499999999996, -26.0996]]]}, "properties": {"distrito": "Ñacunday", "ndvi_antes": 0.8, "ndvi_despues": 0.04, "delta_ndvi": 0.76, "ha_aprox": 0.22, "ventana_antes": "2026-07-27 a 2026-08-16", "ventana_despues": "2026-08-21 a 2026-09-09", "cruce_fuego": false, "fuente": "Sentinel-2 L2A (Copernicus CDSE)", "res_m": 50}}, {"type": "Feature", "geometry": {"type": "Polygon", "coordinates": [[[-54.887499999999996, -26.313999999999997], [-54.887, -26.313999999999997], [-54.887, -26.313599999999997], [-54.887499999999996, -26.313599999999997], [-54.887499999999996, -26.313999999999997]]]}, "properties": {"distrito": "Ñacunday", "ndvi_antes": 0.93, "ndvi_despues": 0.17, "delta_ndvi": 0.76, "ha_aprox": 0.22, "ventana_antes": "2026-07-27 a 2026-08-16", "ventana_despues": "2026-08-21 a 2026-09-09", "cruce_fuego": false, "fuente": "Sentinel-2 L2A (Copernicus CDSE)", "res_m": 50}}, {"type": "Feature", "geometry": {"type": "Polygon", "coordinates": [[[-54.6575, -25.9208], [-54.657000000000004, -25.9208], [-54.657000000000004, -25.9204], [-54.6575, -25.9204], [-54.6575, -25.9208]]]}, "properties": {"distrito": "Ñacunday", "ndvi_antes": 0.74, "ndvi_despues": -0.01, "delta_ndvi": 0.75, "ha_aprox": 0.22, "ventana_antes": "2026-07-27 a 2026-08-16", "ventana_despues": "2026-08-21 a 2026-09-09", "cruce_fuego": false, "fuente": "Sentinel-2 L2A (Copernicus CDSE)", "res_m": 50}}, {"type": "Feature", "geometry": {"type": "Polygon", "coordinates": [[[-54.704, -25.9968], [-54.7035, -25.9968], [-54.7035, -25.9964], [-54.704, -25.9964], [-54.704, -25.9968]]]}, "properties": {"distrito": "Ñacunday", "ndvi_antes": 0.8, "ndvi_despues": 0.04, "delta_ndvi": 0.75, "ha_aprox": 0.22, "ventana_antes": "2026-07-27 a 2026-08-16", "ventana_despues": "2026-08-21 a 2026-09-09", "cruce_fuego": false, "fuente": "Sentinel-2 L2A (Copernicus CDSE)", "res_m": 50}}, {"type": "Feature", "geometry": {"type": "Polygon", "coordinates": [[[-54.911, -26.0036], [-54.9105, -26.0036], [-54.9105, -26.0032], [-54.911, -26.0032], [-54.911, -26.0036]]]}, "properties": {"distrito": "Ñacunday", "ndvi_antes": 0.86, "ndvi_despues": 0.11, "delta_ndvi": 0.75, "ha_aprox": 0.22, "ventana_antes": "2026-07-27 a 2026-08-16", "ventana_despues": "2026-08-21 a 2026-09-09", "cruce_fuego": false, "fuente": "Sentinel-2 L2A (Copernicus CDSE)", "res_m": 50}}, {"type": "Feature", "geometry": {"type": "Polygon", "coordinates": [[[-55.025499999999994, -26.099999999999998], [-55.025, -26.099999999999998], [-55.025, -26.0996], [-55.025499999999994, -26.0996], [-55.025499999999994, -26.099999999999998]]]}, "properties": {"distrito": "Ñacunday", "ndvi_antes": 0.84, "ndvi_despues": 0.08, "delta_ndvi": 0.75, "ha_aprox": 0.22, "ventana_antes": "2026-07-27 a 2026-08-16", "ventana_despues": "2026-08-21 a 2026-09-09", "cruce_fuego": false, "fuente": "Sentinel-2 L2A (Copernicus CDSE)", "res_m": 50}}, {"type": "Feature", "geometry": {"type": "Polygon", "coordinates": [[[-55.065, -26.253999999999998], [-55.064499999999995, -26.253999999999998], [-55.064499999999995, -26.2536], [-55.065, -26.2536], [-55.065, -26.253999999999998]]]}, "properties": {"distrito": "Ñacunday", "ndvi_antes": 0.88, "ndvi_despues": 0.13, "delta_ndvi": 0.75, "ha_aprox": 0.22, "ventana_antes": "2026-07-27 a 2026-08-16", "ventana_despues": "2026-08-21 a 2026-09-09", "cruce_fuego": false, "fuente": "Sentinel-2 L2A (Copernicus CDSE)", "res_m": 50}}, {"type": "Feature", "geometry": {"type": "Polygon", "coordinates": [[[-54.887, -26.312799999999996], [-54.8865, -26.312799999999996], [-54.8865, -26.312399999999997], [-54.887, -26.312399999999997], [-54.887, -26.312799999999996]]]}, "properties": {"distrito": "Ñacunday", "ndvi_antes": 0.92, "ndvi_despues": 0.17, "delta_ndvi": 0.75, "ha_aprox": 0.22, "ventana_antes": "2026-07-27 a 2026-08-16", "ventana_despues": "2026-08-21 a 2026-09-09", "cruce_fuego": false, "fuente": "Sentinel-2 L2A (Copernicus CDSE)", "res_m": 50}}, {"type": "Feature", "geometry": {"type": "Polygon", "coordinates": [[[-54.9175, -26.323199999999996], [-54.917, -26.323199999999996], [-54.917, -26.322799999999997], [-54.9175, -26.322799999999997], [-54.9175, -26.323199999999996]]]}, "properties": {"distrito": "Ñacunday", "ndvi_antes": 0.89, "ndvi_despues": 0.14, "delta_ndvi": 0.75, "ha_aprox": 0.22, "ventana_antes": "2026-07-27 a 2026-08-16", "ventana_despues": "2026-08-21 a 2026-09-09", "cruce_fuego": false, "fuente": "Sentinel-2 L2A (Copernicus CDSE)", "res_m": 50}}, {"type": "Feature", "geometry": {"type": "Polygon", "coordinates": [[[-54.884, -26.325599999999998], [-54.8835, -26.325599999999998], [-54.8835, -26.3252], [-54.884, -26.3252], [-54.884, -26.325599999999998]]]}, "properties": {"distrito": "Ñacunday", "ndvi_antes": 0.92, "ndvi_despues": 0.17, "delta_ndvi": 0.75, "ha_aprox": 0.22, "ventana_antes": "2026-07-27 a 2026-08-16", "ventana_despues": "2026-08-21 a 2026-09-09", "cruce_fuego": false, "fuente": "Sentinel-2 L2A (Copernicus CDSE)", "res_m": 50}}, {"type": "Feature", "geometry": {"type": "Polygon", "coordinates": [[[-54.694, -25.9576], [-54.6935, -25.9576], [-54.6935, -25.9572], [-54.694, -25.9572], [-54.694, -25.9576]]]}, "properties": {"distrito": "Ñacunday", "ndvi_antes": 0.77, "ndvi_despues": 0.03, "delta_ndvi": 0.75, "ha_aprox": 0.22, "ventana_antes": "2026-07-27 a 2026-08-16", "ventana_despues": "2026-08-21 a 2026-09-09", "cruce_fuego": false, "fuente": "Sentinel-2 L2A (Copernicus CDSE)", "res_m": 50}}, {"type": "Feature", "geometry": {"type": "Polygon", "coordinates": [[[-54.9, -25.9976], [-54.899499999999996, -25.9976], [-54.899499999999996, -25.9972], [-54.9, -25.9972], [-54.9, -25.9976]]]}, "properties": {"distrito": "Ñacunday", "ndvi_antes": 0.84, "ndvi_despues": 0.09, "delta_ndvi": 0.75, "ha_aprox": 0.22, "ventana_antes": "2026-07-27 a 2026-08-16", "ventana_despues": "2026-08-21 a 2026-09-09", "cruce_fuego": false, "fuente": "Sentinel-2 L2A (Copernicus CDSE)", "res_m": 50}}, {"type": "Feature", "geometry": {"type": "Polygon", "coordinates": [[[-54.9105, -26.0], [-54.91, -26.0], [-54.91, -25.9996], [-54.9105, -25.9996], [-54.9105, -26.0]]]}, "properties": {"distrito": "Ñacunday", "ndvi_antes": 0.88, "ndvi_despues": 0.14, "delta_ndvi": 0.75, "ha_aprox": 0.22, "ventana_antes": "2026-07-27 a 2026-08-16", "ventana_despues": "2026-08-21 a 2026-09-09", "cruce_fuego": false, "fuente": "Sentinel-2 L2A (Copernicus CDSE)", "res_m": 50}}, {"type": "Feature", "geometry": {"type": "Polygon", "coordinates": [[[-54.9095, -26.0032], [-54.909, -26.0032], [-54.909, -26.0028], [-54.9095, -26.0028], [-54.9095, -26.0032]]]}, "properties": {"distrito": "Ñacunday", "ndvi_antes": 0.86, "ndvi_despues": 0.11, "delta_ndvi": 0.75, "ha_aprox": 0.22, "ventana_antes": "2026-07-27 a 2026-08-16", "ventana_despues": "2026-08-21 a 2026-09-09", "cruce_fuego": false, "fuente": "Sentinel-2 L2A (Copernicus CDSE)", "res_m": 50}}, {"type": "Feature", "geometry": {"type": "Polygon", "coordinates": [[[-54.943000000000005, -25.679199999999998], [-54.9425, -25.679199999999998], [-54.9425, -25.6788], [-54.943000000000005, -25.6788], [-54.943000000000005, -25.679199999999998]]]}, "properties": {"distrito": "Naranjal", "ndvi_antes": 0.93, "ndvi_despues": -0.08, "delta_ndvi": 1.01, "ha_aprox": 0.22, "ventana_antes": "2026-07-27 a 2026-08-16", "ventana_despues": "2026-08-21 a 2026-09-09", "cruce_fuego": false, "fuente": "Sentinel-2 L2A (Copernicus CDSE)", "res_m": 50}}, {"type": "Feature", "geometry": {"type": "Polygon", "coordinates": [[[-54.940000000000005, -25.678], [-54.9395, -25.678], [-54.9395, -25.677599999999998], [-54.940000000000005, -25.677599999999998], [-54.940000000000005, -25.678]]]}, "properties": {"distrito": "Naranjal", "ndvi_antes": 0.85, "ndvi_despues": 0.03, "delta_ndvi": 0.82, "ha_aprox": 0.22, "ventana_antes": "2026-07-27 a 2026-08-16", "ventana_despues": "2026-08-21 a 2026-09-09", "cruce_fuego": false, "fuente": "Sentinel-2 L2A (Copernicus CDSE)", "res_m": 50}}, {"type": "Feature", "geometry": {"type": "Polygon", "coordinates": [[[-55.0165, -25.782], [-55.016, -25.782], [-55.016, -25.781599999999997], [-55.0165, -25.781599999999997], [-55.0165, -25.782]]]}, "properties": {"distrito": "Naranjal", "ndvi_antes": 0.94, "ndvi_despues": 0.14, "delta_ndvi": 0.8, "ha_aprox": 0.22, "ventana_antes": "2026-07-27 a 2026-08-16", "ventana_despues": "2026-08-21 a 2026-09-09", "cruce_fuego": false, "fuente": "Sentinel-2 L2A (Copernicus CDSE)", "res_m": 50}}, {"type": "Feature", "geometry": {"type": "Polygon", "coordinates": [[[-55.025, -25.7868], [-55.0245, -25.7868], [-55.0245, -25.786399999999997], [-55.025, -25.786399999999997], [-55.025, -25.7868]]]}, "properties": {"distrito": "Naranjal", "ndvi_antes": 0.89, "ndvi_despues": 0.09, "delta_ndvi": 0.8, "ha_aprox": 0.22, "ventana_antes": "2026-07-27 a 2026-08-16", "ventana_despues": "2026-08-21 a 2026-09-09", "cruce_fuego": false, "fuente": "Sentinel-2 L2A (Copernicus CDSE)", "res_m": 50}}, {"type": "Feature", "geometry": {"type": "Polygon", "coordinates": [[[-54.969, -25.6952], [-54.9685, -25.6952], [-54.9685, -25.6948], [-54.969, -25.6948], [-54.969, -25.6952]]]}, "properties": {"distrito": "Naranjal", "ndvi_antes": 0.69, "ndvi_despues": -0.11, "delta_ndvi": 0.8, "ha_aprox": 0.22, "ventana_antes": "2026-07-27 a 2026-08-16", "ventana_despues": "2026-08-21 a 2026-09-09", "cruce_fuego": false, "fuente": "Sentinel-2 L2A (Copernicus CDSE)", "res_m": 50}}, {"type": "Feature", "geometry": {"type": "Polygon", "coordinates": [[[-54.951, -25.6972], [-54.950500000000005, -25.6972], [-54.950500000000005, -25.6968], [-54.951, -25.6968], [-54.951, -25.6972]]]}, "properties": {"distrito": "Naranjal", "ndvi_antes": 0.89, "ndvi_despues": 0.1, "delta_ndvi": 0.79, "ha_aprox": 0.22, "ventana_antes": "2026-07-27 a 2026-08-16", "ventana_despues": "2026-08-21 a 2026-09-09", "cruce_fuego": false, "fuente": "Sentinel-2 L2A (Copernicus CDSE)", "res_m": 50}}, {"type": "Feature", "geometry": {"type": "Polygon", "coordinates": [[[-54.9095, -25.801199999999998], [-54.909, -25.801199999999998], [-54.909, -25.8008], [-54.9095, -25.8008], [-54.9095, -25.801199999999998]]]}, "properties": {"distrito": "Naranjal", "ndvi_antes": 0.84, "ndvi_despues": 0.05, "delta_ndvi": 0.79, "ha_aprox": 0.22, "ventana_antes": "2026-07-27 a 2026-08-16", "ventana_despues": "2026-08-21 a 2026-09-09", "cruce_fuego": false, "fuente": "Sentinel-2 L2A (Copernicus CDSE)", "res_m": 50}}, {"type": "Feature", "geometry": {"type": "Polygon", "coordinates": [[[-55.352, -25.6112], [-55.3515, -25.6112], [-55.3515, -25.6108], [-55.352, -25.6108], [-55.352, -25.6112]]]}, "properties": {"distrito": "Naranjal", "ndvi_antes": 0.86, "ndvi_despues": 0.07, "delta_ndvi": 0.78, "ha_aprox": 0.22, "ventana_antes": "2026-07-27 a 2026-08-16", "ventana_despues": "2026-08-21 a 2026-09-09", "cruce_fuego": false, "fuente": "Sentinel-2 L2A (Copernicus CDSE)", "res_m": 50}}, {"type": "Feature", "geometry": {"type": "Polygon", "coordinates": [[[-54.911500000000004, -26.0036], [-54.911, -26.0036], [-54.911, -26.003199999999996], [-54.911500000000004, -26.003199999999996], [-54.911500000000004, -26.0036]]]}, "properties": {"distrito": "Naranjal", "ndvi_antes": 0.86, "ndvi_despues": 0.09, "delta_ndvi": 0.77, "ha_aprox": 0.22, "ventana_antes": "2026-07-27 a 2026-08-16", "ventana_despues": "2026-08-21 a 2026-09-09", "cruce_fuego": false, "fuente": "Sentinel-2 L2A (Copernicus CDSE)", "res_m": 50}}, {"type": "Feature", "geometry": {"type": "Polygon", "coordinates": [[[-55.019, -25.784399999999998], [-55.0185, -25.784399999999998], [-55.0185, -25.784], [-55.019, -25.784], [-55.019, -25.784399999999998]]]}, "properties": {"distrito": "Naranjal", "ndvi_antes": 0.91, "ndvi_despues": 0.14, "delta_ndvi": 0.77, "ha_aprox": 0.22, "ventana_antes": "2026-07-27 a 2026-08-16", "ventana_despues": "2026-08-21 a 2026-09-09", "cruce_fuego": false, "fuente": "Sentinel-2 L2A (Copernicus CDSE)", "res_m": 50}}, {"type": "Feature", "geometry": {"type": "Polygon", "coordinates": [[[-55.025, -25.7872], [-55.0245, -25.7872], [-55.0245, -25.7868], [-55.025, -25.7868], [-55.025, -25.7872]]]}, "properties": {"distrito": "Naranjal", "ndvi_antes": 0.88, "ndvi_despues": 0.11, "delta_ndvi": 0.77, "ha_aprox": 0.22, "ventana_antes": "2026-07-27 a 2026-08-16", "ventana_despues": "2026-08-21 a 2026-09-09", "cruce_fuego": false, "fuente": "Sentinel-2 L2A (Copernicus CDSE)", "res_m": 50}}, {"type": "Feature", "geometry": {"type": "Polygon", "coordinates": [[[-54.909, -25.801199999999998], [-54.908500000000004, -25.801199999999998], [-54.908500000000004, -25.8008], [-54.909, -25.8008], [-54.909, -25.801199999999998]]]}, "properties": {"distrito": "Naranjal", "ndvi_antes": 0.83, "ndvi_despues": 0.06, "delta_ndvi": 0.77, "ha_aprox": 0.22, "ventana_antes": "2026-07-27 a 2026-08-16", "ventana_despues": "2026-08-21 a 2026-09-09", "cruce_fuego": false, "fuente": "Sentinel-2 L2A (Copernicus CDSE)", "res_m": 50}}, {"type": "Feature", "geometry": {"type": "Polygon", "coordinates": [[[-54.912, -26.0036], [-54.911500000000004, -26.0036], [-54.911500000000004, -26.003199999999996], [-54.912, -26.003199999999996], [-54.912, -26.0036]]]}, "properties": {"distrito": "Naranjal", "ndvi_antes": 0.87, "ndvi_despues": 0.1, "delta_ndvi": 0.77, "ha_aprox": 0.22, "ventana_antes": "2026-07-27 a 2026-08-16", "ventana_despues": "2026-08-21 a 2026-09-09", "cruce_fuego": false, "fuente": "Sentinel-2 L2A (Copernicus CDSE)", "res_m": 50}}, {"type": "Feature", "geometry": {"type": "Polygon", "coordinates": [[[-54.988, -25.818399999999997], [-54.987500000000004, -25.818399999999997], [-54.987500000000004, -25.817999999999998], [-54.988, -25.817999999999998], [-54.988, -25.818399999999997]]]}, "properties": {"distrito": "Naranjal", "ndvi_antes": 0.73, "ndvi_despues": -0.04, "delta_ndvi": 0.76, "ha_aprox": 0.22, "ventana_antes": "2026-07-27 a 2026-08-16", "ventana_despues": "2026-08-21 a 2026-09-09", "cruce_fuego": false, "fuente": "Sentinel-2 L2A (Copernicus CDSE)", "res_m": 50}}, {"type": "Feature", "geometry": {"type": "Polygon", "coordinates": [[[-55.0225, -25.7888], [-55.022, -25.7888], [-55.022, -25.7884], [-55.0225, -25.7884], [-55.0225, -25.7888]]]}, "properties": {"distrito": "Naranjal", "ndvi_antes": 0.89, "ndvi_despues": 0.13, "delta_ndvi": 0.76, "ha_aprox": 0.22, "ventana_antes": "2026-07-27 a 2026-08-16", "ventana_despues": "2026-08-21 a 2026-09-09", "cruce_fuego": false, "fuente": "Sentinel-2 L2A (Copernicus CDSE)", "res_m": 50}}, {"type": "Feature", "geometry": {"type": "Polygon", "coordinates": [[[-55.0185, -25.7896], [-55.018, -25.7896], [-55.018, -25.789199999999997], [-55.0185, -25.789199999999997], [-55.0185, -25.7896]]]}, "properties": {"distrito": "Naranjal", "ndvi_antes": 0.9, "ndvi_despues": 0.14, "delta_ndvi": 0.76, "ha_aprox": 0.22, "ventana_antes": "2026-07-27 a 2026-08-16", "ventana_despues": "2026-08-21 a 2026-09-09", "cruce_fuego": false, "fuente": "Sentinel-2 L2A (Copernicus CDSE)", "res_m": 50}}, {"type": "Feature", "geometry": {"type": "Polygon", "coordinates": [[[-54.910000000000004, -25.801199999999998], [-54.9095, -25.801199999999998], [-54.9095, -25.8008], [-54.910000000000004, -25.8008], [-54.910000000000004, -25.801199999999998]]]}, "properties": {"distrito": "Naranjal", "ndvi_antes": 0.86, "ndvi_despues": 0.1, "delta_ndvi": 0.76, "ha_aprox": 0.22, "ventana_antes": "2026-07-27 a 2026-08-16", "ventana_despues": "2026-08-21 a 2026-09-09", "cruce_fuego": false, "fuente": "Sentinel-2 L2A (Copernicus CDSE)", "res_m": 50}}, {"type": "Feature", "geometry": {"type": "Polygon", "coordinates": [[[-55.021, -25.7856], [-55.0205, -25.7856], [-55.0205, -25.7852], [-55.021, -25.7852], [-55.021, -25.7856]]]}, "properties": {"distrito": "Naranjal", "ndvi_antes": 0.9, "ndvi_despues": 0.15, "delta_ndvi": 0.75, "ha_aprox": 0.22, "ventana_antes": "2026-07-27 a 2026-08-16", "ventana_despues": "2026-08-21 a 2026-09-09", "cruce_fuego": false, "fuente": "Sentinel-2 L2A (Copernicus CDSE)", "res_m": 50}}, {"type": "Feature", "geometry": {"type": "Polygon", "coordinates": [[[-54.908, -25.8004], [-54.9075, -25.8004], [-54.9075, -25.799999999999997], [-54.908, -25.799999999999997], [-54.908, -25.8004]]]}, "properties": {"distrito": "Naranjal", "ndvi_antes": 0.87, "ndvi_despues": 0.11, "delta_ndvi": 0.75, "ha_aprox": 0.22, "ventana_antes": "2026-07-27 a 2026-08-16", "ventana_despues": "2026-08-21 a 2026-09-09", "cruce_fuego": false, "fuente": "Sentinel-2 L2A (Copernicus CDSE)", "res_m": 50}}, {"type": "Feature", "geometry": {"type": "Polygon", "coordinates": [[[-54.911, -25.807599999999997], [-54.9105, -25.807599999999997], [-54.9105, -25.807199999999998], [-54.911, -25.807199999999998], [-54.911, -25.807599999999997]]]}, "properties": {"distrito": "Naranjal", "ndvi_antes": 0.93, "ndvi_despues": 0.18, "delta_ndvi": 0.75, "ha_aprox": 0.22, "ventana_antes": "2026-07-27 a 2026-08-16", "ventana_despues": "2026-08-21 a 2026-09-09", "cruce_fuego": false, "fuente": "Sentinel-2 L2A (Copernicus CDSE)", "res_m": 50}}, {"type": "Feature", "geometry": {"type": "Polygon", "coordinates": [[[-55.379, -25.888399999999997], [-55.378499999999995, -25.888399999999997], [-55.378499999999995, -25.887999999999998], [-55.379, -25.887999999999998], [-55.379, -25.888399999999997]]]}, "properties": {"distrito": "Naranjal", "ndvi_antes": 0.91, "ndvi_despues": 0.15, "delta_ndvi": 0.75, "ha_aprox": 0.22, "ventana_antes": "2026-07-27 a 2026-08-16", "ventana_despues": "2026-08-21 a 2026-09-09", "cruce_fuego": false, "fuente": "Sentinel-2 L2A (Copernicus CDSE)", "res_m": 50}}, {"type": "Feature", "geometry": {"type": "Polygon", "coordinates": [[[-54.911, -26.0036], [-54.9105, -26.0036], [-54.9105, -26.003199999999996], [-54.911, -26.003199999999996], [-54.911, -26.0036]]]}, "properties": {"distrito": "Naranjal", "ndvi_antes": 0.86, "ndvi_despues": 0.11, "delta_ndvi": 0.75, "ha_aprox": 0.22, "ventana_antes": "2026-07-27 a 2026-08-16", "ventana_despues": "2026-08-21 a 2026-09-09", "cruce_fuego": false, "fuente": "Sentinel-2 L2A (Copernicus CDSE)", "res_m": 50}}, {"type": "Feature", "geometry": {"type": "Polygon", "coordinates": [[[-55.4525, -25.7208], [-55.452, -25.7208], [-55.452, -25.720399999999998], [-55.4525, -25.720399999999998], [-55.4525, -25.7208]]]}, "properties": {"distrito": "Naranjal", "ndvi_antes": 0.91, "ndvi_despues": 0.17, "delta_ndvi": 0.75, "ha_aprox": 0.22, "ventana_antes": "2026-07-27 a 2026-08-16", "ventana_despues": "2026-08-21 a 2026-09-09", "cruce_fuego": false, "fuente": "Sentinel-2 L2A (Copernicus CDSE)", "res_m": 50}}, {"type": "Feature", "geometry": {"type": "Polygon", "coordinates": [[[-55.4495, -25.726399999999998], [-55.449, -25.726399999999998], [-55.449, -25.726], [-55.4495, -25.726], [-55.4495, -25.726399999999998]]]}, "properties": {"distrito": "Naranjal", "ndvi_antes": 0.94, "ndvi_despues": 0.19, "delta_ndvi": 0.75, "ha_aprox": 0.22, "ventana_antes": "2026-07-27 a 2026-08-16", "ventana_despues": "2026-08-21 a 2026-09-09", "cruce_fuego": false, "fuente": "Sentinel-2 L2A (Copernicus CDSE)", "res_m": 50}}, {"type": "Feature", "geometry": {"type": "Polygon", "coordinates": [[[-55.022, -25.786399999999997], [-55.0215, -25.786399999999997], [-55.0215, -25.785999999999998], [-55.022, -25.785999999999998], [-55.022, -25.786399999999997]]]}, "properties": {"distrito": "Naranjal", "ndvi_antes": 0.9, "ndvi_despues": 0.15, "delta_ndvi": 0.75, "ha_aprox": 0.22, "ventana_antes": "2026-07-27 a 2026-08-16", "ventana_despues": "2026-08-21 a 2026-09-09", "cruce_fuego": false, "fuente": "Sentinel-2 L2A (Copernicus CDSE)", "res_m": 50}}, {"type": "Feature", "geometry": {"type": "Polygon", "coordinates": [[[-55.023, -25.7868], [-55.0225, -25.7868], [-55.0225, -25.786399999999997], [-55.023, -25.786399999999997], [-55.023, -25.7868]]]}, "properties": {"distrito": "Naranjal", "ndvi_antes": 0.9, "ndvi_despues": 0.15, "delta_ndvi": 0.75, "ha_aprox": 0.22, "ventana_antes": "2026-07-27 a 2026-08-16", "ventana_despues": "2026-08-21 a 2026-09-09", "cruce_fuego": false, "fuente": "Sentinel-2 L2A (Copernicus CDSE)", "res_m": 50}}, {"type": "Feature", "geometry": {"type": "Polygon", "coordinates": [[[-55.025, -25.787599999999998], [-55.0245, -25.787599999999998], [-55.0245, -25.7872], [-55.025, -25.7872], [-55.025, -25.787599999999998]]]}, "properties": {"distrito": "Naranjal", "ndvi_antes": 0.9, "ndvi_despues": 0.15, "delta_ndvi": 0.75, "ha_aprox": 0.22, "ventana_antes": "2026-07-27 a 2026-08-16", "ventana_despues": "2026-08-21 a 2026-09-09", "cruce_fuego": false, "fuente": "Sentinel-2 L2A (Copernicus CDSE)", "res_m": 50}}, {"type": "Feature", "geometry": {"type": "Polygon", "coordinates": [[[-55.024, -25.788], [-55.0235, -25.788], [-55.0235, -25.787599999999998], [-55.024, -25.787599999999998], [-55.024, -25.788]]]}, "properties": {"distrito": "Naranjal", "ndvi_antes": 0.88, "ndvi_despues": 0.14, "delta_ndvi": 0.75, "ha_aprox": 0.22, "ventana_antes": "2026-07-27 a 2026-08-16", "ventana_despues": "2026-08-21 a 2026-09-09", "cruce_fuego": false, "fuente": "Sentinel-2 L2A (Copernicus CDSE)", "res_m": 50}}, {"type": "Feature", "geometry": {"type": "Polygon", "coordinates": [[[-54.908500000000004, -25.8008], [-54.908, -25.8008], [-54.908, -25.8004], [-54.908500000000004, -25.8004], [-54.908500000000004, -25.8008]]]}, "properties": {"distrito": "Naranjal", "ndvi_antes": 0.85, "ndvi_despues": 0.11, "delta_ndvi": 0.75, "ha_aprox": 0.22, "ventana_antes": "2026-07-27 a 2026-08-16", "ventana_despues": "2026-08-21 a 2026-09-09", "cruce_fuego": false, "fuente": "Sentinel-2 L2A (Copernicus CDSE)", "res_m": 50}}, {"type": "Feature", "geometry": {"type": "Polygon", "coordinates": [[[-55.315999999999995, -25.964799999999997], [-55.3155, -25.964799999999997], [-55.3155, -25.964399999999998], [-55.315999999999995, -25.964399999999998], [-55.315999999999995, -25.964799999999997]]]}, "properties": {"distrito": "Naranjal", "ndvi_antes": 0.92, "ndvi_despues": 0.18, "delta_ndvi": 0.75, "ha_aprox": 0.22, "ventana_antes": "2026-07-27 a 2026-08-16", "ventana_despues": "2026-08-21 a 2026-09-09", "cruce_fuego": false, "fuente": "Sentinel-2 L2A (Copernicus CDSE)", "res_m": 50}}, {"type": "Feature", "geometry": {"type": "Polygon", "coordinates": [[[-54.900000000000006, -25.9976], [-54.8995, -25.9976], [-54.8995, -25.997199999999996], [-54.900000000000006, -25.997199999999996], [-54.900000000000006, -25.9976]]]}, "properties": {"distrito": "Naranjal", "ndvi_antes": 0.84, "ndvi_despues": 0.09, "delta_ndvi": 0.75, "ha_aprox": 0.22, "ventana_antes": "2026-07-27 a 2026-08-16", "ventana_despues": "2026-08-21 a 2026-09-09", "cruce_fuego": false, "fuente": "Sentinel-2 L2A (Copernicus CDSE)", "res_m": 50}}, {"type": "Feature", "geometry": {"type": "Polygon", "coordinates": [[[-54.9105, -25.999999999999996], [-54.910000000000004, -25.999999999999996], [-54.910000000000004, -25.999599999999997], [-54.9105, -25.999599999999997], [-54.9105, -25.999999999999996]]]}, "properties": {"distrito": "Naranjal", "ndvi_antes": 0.88, "ndvi_despues": 0.14, "delta_ndvi": 0.75, "ha_aprox": 0.22, "ventana_antes": "2026-07-27 a 2026-08-16", "ventana_despues": "2026-08-21 a 2026-09-09", "cruce_fuego": false, "fuente": "Sentinel-2 L2A (Copernicus CDSE)", "res_m": 50}}, {"type": "Feature", "geometry": {"type": "Polygon", "coordinates": [[[-54.9095, -26.003199999999996], [-54.909, -26.003199999999996], [-54.909, -26.002799999999997], [-54.9095, -26.002799999999997], [-54.9095, -26.003199999999996]]]}, "properties": {"distrito": "Naranjal", "ndvi_antes": 0.86, "ndvi_despues": 0.11, "delta_ndvi": 0.75, "ha_aprox": 0.22, "ventana_antes": "2026-07-27 a 2026-08-16", "ventana_despues": "2026-08-21 a 2026-09-09", "cruce_fuego": false, "fuente": "Sentinel-2 L2A (Copernicus CDSE)", "res_m": 50}}, {"type": "Feature", "geometry": {"type": "Polygon", "coordinates": [[[-54.910000000000004, -25.807599999999997], [-54.9095, -25.807599999999997], [-54.9095, -25.807199999999998], [-54.910000000000004, -25.807199999999998], [-54.910000000000004, -25.807599999999997]]]}, "properties": {"distrito": "Naranjal", "ndvi_antes": 0.91, "ndvi_despues": 0.16, "delta_ndvi": 0.75, "ha_aprox": 0.22, "ventana_antes": "2026-07-27 a 2026-08-16", "ventana_despues": "2026-08-21 a 2026-09-09", "cruce_fuego": false, "fuente": "Sentinel-2 L2A (Copernicus CDSE)", "res_m": 50}}, {"type": "Feature", "geometry": {"type": "Polygon", "coordinates": [[[-54.940000000000005, -25.677599999999998], [-54.9395, -25.677599999999998], [-54.9395, -25.6772], [-54.940000000000005, -25.6772], [-54.940000000000005, -25.677599999999998]]]}, "properties": {"distrito": "Naranjal", "ndvi_antes": 0.81, "ndvi_despues": 0.07, "delta_ndvi": 0.74, "ha_aprox": 0.22, "ventana_antes": "2026-07-27 a 2026-08-16", "ventana_despues": "2026-08-21 a 2026-09-09", "cruce_fuego": false, "fuente": "Sentinel-2 L2A (Copernicus CDSE)", "res_m": 50}}, {"type": "Feature", "geometry": {"type": "Polygon", "coordinates": [[[-55.451, -25.72], [-55.4505, -25.72], [-55.4505, -25.7196], [-55.451, -25.7196], [-55.451, -25.72]]]}, "properties": {"distrito": "Naranjal", "ndvi_antes": 0.93, "ndvi_despues": 0.19, "delta_ndvi": 0.74, "ha_aprox": 0.22, "ventana_antes": "2026-07-27 a 2026-08-16", "ventana_despues": "2026-08-21 a 2026-09-09", "cruce_fuego": false, "fuente": "Sentinel-2 L2A (Copernicus CDSE)", "res_m": 50}}, {"type": "Feature", "geometry": {"type": "Polygon", "coordinates": [[[-55.452, -25.720399999999998], [-55.451499999999996, -25.720399999999998], [-55.451499999999996, -25.72], [-55.452, -25.72], [-55.452, -25.720399999999998]]]}, "properties": {"distrito": "Naranjal", "ndvi_antes": 0.92, "ndvi_despues": 0.18, "delta_ndvi": 0.74, "ha_aprox": 0.22, "ventana_antes": "2026-07-27 a 2026-08-16", "ventana_despues": "2026-08-21 a 2026-09-09", "cruce_fuego": false, "fuente": "Sentinel-2 L2A (Copernicus CDSE)", "res_m": 50}}, {"type": "Feature", "geometry": {"type": "Polygon", "coordinates": [[[-55.452999999999996, -25.7224], [-55.4525, -25.7224], [-55.4525, -25.721999999999998], [-55.452999999999996, -25.721999999999998], [-55.452999999999996, -25.7224]]]}, "properties": {"distrito": "Naranjal", "ndvi_antes": 0.92, "ndvi_despues": 0.18, "delta_ndvi": 0.74, "ha_aprox": 0.22, "ventana_antes": "2026-07-27 a 2026-08-16", "ventana_despues": "2026-08-21 a 2026-09-09", "cruce_fuego": false, "fuente": "Sentinel-2 L2A (Copernicus CDSE)", "res_m": 50}}, {"type": "Feature", "geometry": {"type": "Polygon", "coordinates": [[[-55.024, -25.7868], [-55.0235, -25.7868], [-55.0235, -25.786399999999997], [-55.024, -25.786399999999997], [-55.024, -25.7868]]]}, "properties": {"distrito": "Naranjal", "ndvi_antes": 0.89, "ndvi_despues": 0.15, "delta_ndvi": 0.74, "ha_aprox": 0.22, "ventana_antes": "2026-07-27 a 2026-08-16", "ventana_despues": "2026-08-21 a 2026-09-09", "cruce_fuego": false, "fuente": "Sentinel-2 L2A (Copernicus CDSE)", "res_m": 50}}, {"type": "Feature", "geometry": {"type": "Polygon", "coordinates": [[[-55.0165, -25.7872], [-55.016, -25.7872], [-55.016, -25.7868], [-55.0165, -25.7868], [-55.0165, -25.7872]]]}, "properties": {"distrito": "Naranjal", "ndvi_antes": 0.91, "ndvi_despues": 0.18, "delta_ndvi": 0.74, "ha_aprox": 0.22, "ventana_antes": "2026-07-27 a 2026-08-16", "ventana_despues": "2026-08-21 a 2026-09-09", "cruce_fuego": false, "fuente": "Sentinel-2 L2A (Copernicus CDSE)", "res_m": 50}}, {"type": "Feature", "geometry": {"type": "Polygon", "coordinates": [[[-55.0165, -25.781999999999996], [-55.016000000000005, -25.781999999999996], [-55.016000000000005, -25.781599999999997], [-55.0165, -25.781599999999997], [-55.0165, -25.781999999999996]]]}, "properties": {"distrito": "San Cristóbal", "ndvi_antes": 0.94, "ndvi_despues": 0.14, "delta_ndvi": 0.8, "ha_aprox": 0.22, "ventana_antes": "2026-07-27 a 2026-08-16", "ventana_despues": "2026-08-21 a 2026-09-09", "cruce_fuego": false, "fuente": "Sentinel-2 L2A (Copernicus CDSE)", "res_m": 50}}, {"type": "Feature", "geometry": {"type": "Polygon", "coordinates": [[[-55.025000000000006, -25.7868], [-55.0245, -25.7868], [-55.0245, -25.786399999999997], [-55.025000000000006, -25.786399999999997], [-55.025000000000006, -25.7868]]]}, "properties": {"distrito": "San Cristóbal", "ndvi_antes": 0.89, "ndvi_despues": 0.09, "delta_ndvi": 0.8, "ha_aprox": 0.22, "ventana_antes": "2026-07-27 a 2026-08-16", "ventana_despues": "2026-08-21 a 2026-09-09", "cruce_fuego": false, "fuente": "Sentinel-2 L2A (Copernicus CDSE)", "res_m": 50}}, {"type": "Feature", "geometry": {"type": "Polygon", "coordinates": [[[-54.969, -25.6952], [-54.968500000000006, -25.6952], [-54.968500000000006, -25.694799999999997], [-54.969, -25.694799999999997], [-54.969, -25.6952]]]}, "properties": {"distrito": "San Cristóbal", "ndvi_antes": 0.69, "ndvi_despues": -0.11, "delta_ndvi": 0.8, "ha_aprox": 0.22, "ventana_antes": "2026-07-27 a 2026-08-16", "ventana_despues": "2026-08-21 a 2026-09-09", "cruce_fuego": false, "fuente": "Sentinel-2 L2A (Copernicus CDSE)", "res_m": 50}}, {"type": "Feature", "geometry": {"type": "Polygon", "coordinates": [[[-54.951, -25.6972], [-54.950500000000005, -25.6972], [-54.950500000000005, -25.6968], [-54.951, -25.6968], [-54.951, -25.6972]]]}, "properties": {"distrito": "San Cristóbal", "ndvi_antes": 0.89, "ndvi_despues": 0.1, "delta_ndvi": 0.79, "ha_aprox": 0.22, "ventana_antes": "2026-07-27 a 2026-08-16", "ventana_despues": "2026-08-21 a 2026-09-09", "cruce_fuego": false, "fuente": "Sentinel-2 L2A (Copernicus CDSE)", "res_m": 50}}, {"type": "Feature", "geometry": {"type": "Polygon", "coordinates": [[[-55.352, -25.6112], [-55.3515, -25.6112], [-55.3515, -25.610799999999998], [-55.352, -25.610799999999998], [-55.352, -25.6112]]]}, "properties": {"distrito": "San Cristóbal", "ndvi_antes": 0.86, "ndvi_despues": 0.07, "delta_ndvi": 0.78, "ha_aprox": 0.22, "ventana_antes": "2026-07-27 a 2026-08-16", "ventana_despues": "2026-08-21 a 2026-09-09", "cruce_fuego": false, "fuente": "Sentinel-2 L2A (Copernicus CDSE)", "res_m": 50}}, {"type": "Feature", "geometry": {"type": "Polygon", "coordinates": [[[-55.5235, -25.4684], [-55.522999999999996, -25.4684], [-55.522999999999996, -25.468], [-55.5235, -25.468], [-55.5235, -25.4684]]]}, "properties": {"distrito": "San Cristóbal", "ndvi_antes": 0.68, "ndvi_despues": -0.11, "delta_ndvi": 0.78, "ha_aprox": 0.22, "ventana_antes": "2026-07-27 a 2026-08-16", "ventana_despues": "2026-08-21 a 2026-09-09", "cruce_fuego": false, "fuente": "Sentinel-2 L2A (Copernicus CDSE)", "res_m": 50}}, {"type": "Feature", "geometry": {"type": "Polygon", "coordinates": [[[-55.153, -25.4396], [-55.1525, -25.4396], [-55.1525, -25.4392], [-55.153, -25.4392], [-55.153, -25.4396]]]}, "properties": {"distrito": "San Cristóbal", "ndvi_antes": 0.79, "ndvi_despues": 0.01, "delta_ndvi": 0.78, "ha_aprox": 0.22, "ventana_antes": "2026-07-27 a 2026-08-16", "ventana_despues": "2026-08-21 a 2026-09-09", "cruce_fuego": false, "fuente": "Sentinel-2 L2A (Copernicus CDSE)", "res_m": 50}}, {"type": "Feature", "geometry": {"type": "Polygon", "coordinates": [[[-55.498, -25.4192], [-55.497499999999995, -25.4192], [-55.497499999999995, -25.4188], [-55.498, -25.4188], [-55.498, -25.4192]]]}, "properties": {"distrito": "San Cristóbal", "ndvi_antes": 0.78, "ndvi_despues": 0.0, "delta_ndvi": 0.78, "ha_aprox": 0.22, "ventana_antes": "2026-07-27 a 2026-08-16", "ventana_despues": "2026-08-21 a 2026-09-09", "cruce_fuego": false, "fuente": "Sentinel-2 L2A (Copernicus CDSE)", "res_m": 50}}, {"type": "Feature", "geometry": {"type": "Polygon", "coordinates": [[[-55.5485, -25.4928], [-55.547999999999995, -25.4928], [-55.547999999999995, -25.4924], [-55.5485, -25.4924], [-55.5485, -25.4928]]]}, "properties": {"distrito": "San Cristóbal", "ndvi_antes": 0.91, "ndvi_despues": 0.13, "delta_ndvi": 0.78, "ha_aprox": 0.22, "ventana_antes": "2026-07-27 a 2026-08-16", "ventana_despues": "2026-08-21 a 2026-09-09", "cruce_fuego": false, "fuente": "Sentinel-2 L2A (Copernicus CDSE)", "res_m": 50}}, {"type": "Feature", "geometry": {"type": "Polygon", "coordinates": [[[-55.51, -25.410800000000002], [-55.509499999999996, -25.410800000000002], [-55.509499999999996, -25.4104], [-55.51, -25.4104], [-55.51, -25.410800000000002]]]}, "properties": {"distrito": "San Cristóbal", "ndvi_antes": 0.84, "ndvi_despues": 0.07, "delta_ndvi": 0.77, "ha_aprox": 0.22, "ventana_antes": "2026-07-27 a 2026-08-16", "ventana_despues": "2026-08-21 a 2026-09-09", "cruce_fuego": false, "fuente": "Sentinel-2 L2A (Copernicus CDSE)", "res_m": 50}}, {"type": "Feature", "geometry": {"type": "Polygon", "coordinates": [[[-55.019000000000005, -25.784399999999998], [-55.0185, -25.784399999999998], [-55.0185, -25.784], [-55.019000000000005, -25.784], [-55.019000000000005, -25.784399999999998]]]}, "properties": {"distrito": "San Cristóbal", "ndvi_antes": 0.91, "ndvi_despues": 0.14, "delta_ndvi": 0.77, "ha_aprox": 0.22, "ventana_antes": "2026-07-27 a 2026-08-16", "ventana_despues": "2026-08-21 a 2026-09-09", "cruce_fuego": false, "fuente": "Sentinel-2 L2A (Copernicus CDSE)", "res_m": 50}}, {"type": "Feature", "geometry": {"type": "Polygon", "coordinates": [[[-55.025000000000006, -25.7872], [-55.0245, -25.7872], [-55.0245, -25.7868], [-55.025000000000006, -25.7868], [-55.025000000000006, -25.7872]]]}, "properties": {"distrito": "San Cristóbal", "ndvi_antes": 0.88, "ndvi_despues": 0.11, "delta_ndvi": 0.77, "ha_aprox": 0.22, "ventana_antes": "2026-07-27 a 2026-08-16", "ventana_despues": "2026-08-21 a 2026-09-09", "cruce_fuego": false, "fuente": "Sentinel-2 L2A (Copernicus CDSE)", "res_m": 50}}, {"type": "Feature", "geometry": {"type": "Polygon", "coordinates": [[[-54.988, -25.818399999999997], [-54.987500000000004, -25.818399999999997], [-54.987500000000004, -25.817999999999998], [-54.988, -25.817999999999998], [-54.988, -25.818399999999997]]]}, "properties": {"distrito": "San Cristóbal", "ndvi_antes": 0.73, "ndvi_despues": -0.04, "delta_ndvi": 0.76, "ha_aprox": 0.22, "ventana_antes": "2026-07-27 a 2026-08-16", "ventana_despues": "2026-08-21 a 2026-09-09", "cruce_fuego": false, "fuente": "Sentinel-2 L2A (Copernicus CDSE)", "res_m": 50}}, {"type": "Feature", "geometry": {"type": "Polygon", "coordinates": [[[-55.5045, -25.4656], [-55.504, -25.4656], [-55.504, -25.4652], [-55.5045, -25.4652], [-55.5045, -25.4656]]]}, "properties": {"distrito": "San Cristóbal", "ndvi_antes": 0.76, "ndvi_despues": 0.0, "delta_ndvi": 0.76, "ha_aprox": 0.22, "ventana_antes": "2026-07-27 a 2026-08-16", "ventana_despues": "2026-08-21 a 2026-09-09", "cruce_fuego": false, "fuente": "Sentinel-2 L2A (Copernicus CDSE)", "res_m": 50}}, {"type": "Feature", "geometry": {"type": "Polygon", "coordinates": [[[-55.0225, -25.7888], [-55.022000000000006, -25.7888], [-55.022000000000006, -25.7884], [-55.0225, -25.7884], [-55.0225, -25.7888]]]}, "properties": {"distrito": "San Cristóbal", "ndvi_antes": 0.89, "ndvi_despues": 0.13, "delta_ndvi": 0.76, "ha_aprox": 0.22, "ventana_antes": "2026-07-27 a 2026-08-16", "ventana_despues": "2026-08-21 a 2026-09-09", "cruce_fuego": false, "fuente": "Sentinel-2 L2A (Copernicus CDSE)", "res_m": 50}}, {"type": "Feature", "geometry": {"type": "Polygon", "coordinates": [[[-55.0185, -25.789599999999997], [-55.018, -25.789599999999997], [-55.018, -25.789199999999997], [-55.0185, -25.789199999999997], [-55.0185, -25.789599999999997]]]}, "properties": {"distrito": "San Cristóbal", "ndvi_antes": 0.9, "ndvi_despues": 0.14, "delta_ndvi": 0.76, "ha_aprox": 0.22, "ventana_antes": "2026-07-27 a 2026-08-16", "ventana_despues": "2026-08-21 a 2026-09-09", "cruce_fuego": false, "fuente": "Sentinel-2 L2A (Copernicus CDSE)", "res_m": 50}}, {"type": "Feature", "geometry": {"type": "Polygon", "coordinates": [[[-55.3105, -25.435200000000002], [-55.31, -25.435200000000002], [-55.31, -25.4348], [-55.3105, -25.4348], [-55.3105, -25.435200000000002]]]}, "properties": {"distrito": "San Cristóbal", "ndvi_antes": 0.9, "ndvi_despues": 0.15, "delta_ndvi": 0.75, "ha_aprox": 0.22, "ventana_antes": "2026-07-27 a 2026-08-16", "ventana_despues": "2026-08-21 a 2026-09-09", "cruce_fuego": false, "fuente": "Sentinel-2 L2A (Copernicus CDSE)", "res_m": 50}}, {"type": "Feature", "geometry": {"type": "Polygon", "coordinates": [[[-55.021, -25.7856], [-55.020500000000006, -25.7856], [-55.020500000000006, -25.7852], [-55.021, -25.7852], [-55.021, -25.7856]]]}, "properties": {"distrito": "San Cristóbal", "ndvi_antes": 0.9, "ndvi_despues": 0.15, "delta_ndvi": 0.75, "ha_aprox": 0.22, "ventana_antes": "2026-07-27 a 2026-08-16", "ventana_despues": "2026-08-21 a 2026-09-09", "cruce_fuego": false, "fuente": "Sentinel-2 L2A (Copernicus CDSE)", "res_m": 50}}, {"type": "Feature", "geometry": {"type": "Polygon", "coordinates": [[[-55.3575, -25.4564], [-55.357, -25.4564], [-55.357, -25.456], [-55.3575, -25.456], [-55.3575, -25.4564]]]}, "properties": {"distrito": "San Cristóbal", "ndvi_antes": 0.81, "ndvi_despues": 0.07, "delta_ndvi": 0.75, "ha_aprox": 0.22, "ventana_antes": "2026-07-27 a 2026-08-16", "ventana_despues": "2026-08-21 a 2026-09-09", "cruce_fuego": false, "fuente": "Sentinel-2 L2A (Copernicus CDSE)", "res_m": 50}}, {"type": "Feature", "geometry": {"type": "Polygon", "coordinates": [[[-55.540499999999994, -25.4996], [-55.54, -25.4996], [-55.54, -25.4992], [-55.540499999999994, -25.4992], [-55.540499999999994, -25.4996]]]}, "properties": {"distrito": "San Cristóbal", "ndvi_antes": 0.94, "ndvi_despues": 0.19, "delta_ndvi": 0.75, "ha_aprox": 0.22, "ventana_antes": "2026-07-27 a 2026-08-16", "ventana_despues": "2026-08-21 a 2026-09-09", "cruce_fuego": false, "fuente": "Sentinel-2 L2A (Copernicus CDSE)", "res_m": 50}}, {"type": "Feature", "geometry": {"type": "Polygon", "coordinates": [[[-55.543, -25.5088], [-55.5425, -25.5088], [-55.5425, -25.508399999999998], [-55.543, -25.508399999999998], [-55.543, -25.5088]]]}, "properties": {"distrito": "San Cristóbal", "ndvi_antes": 0.91, "ndvi_despues": 0.17, "delta_ndvi": 0.75, "ha_aprox": 0.22, "ventana_antes": "2026-07-27 a 2026-08-16", "ventana_despues": "2026-08-21 a 2026-09-09", "cruce_fuego": false, "fuente": "Sentinel-2 L2A (Copernicus CDSE)", "res_m": 50}}, {"type": "Feature", "geometry": {"type": "Polygon", "coordinates": [[[-55.4525, -25.720799999999997], [-55.452, -25.720799999999997], [-55.452, -25.720399999999998], [-55.4525, -25.720399999999998], [-55.4525, -25.720799999999997]]]}, "properties": {"distrito": "San Cristóbal", "ndvi_antes": 0.91, "ndvi_despues": 0.17, "delta_ndvi": 0.75, "ha_aprox": 0.22, "ventana_antes": "2026-07-27 a 2026-08-16", "ventana_despues": "2026-08-21 a 2026-09-09", "cruce_fuego": false, "fuente": "Sentinel-2 L2A (Copernicus CDSE)", "res_m": 50}}, {"type": "Feature", "geometry": {"type": "Polygon", "coordinates": [[[-55.4495, -25.726399999999998], [-55.449, -25.726399999999998], [-55.449, -25.726], [-55.4495, -25.726], [-55.4495, -25.726399999999998]]]}, "properties": {"distrito": "San Cristóbal", "ndvi_antes": 0.94, "ndvi_despues": 0.19, "delta_ndvi": 0.75, "ha_aprox": 0.22, "ventana_antes": "2026-07-27 a 2026-08-16", "ventana_despues": "2026-08-21 a 2026-09-09", "cruce_fuego": false, "fuente": "Sentinel-2 L2A (Copernicus CDSE)", "res_m": 50}}, {"type": "Feature", "geometry": {"type": "Polygon", "coordinates": [[[-55.022000000000006, -25.786399999999997], [-55.0215, -25.786399999999997], [-55.0215, -25.785999999999998], [-55.022000000000006, -25.785999999999998], [-55.022000000000006, -25.786399999999997]]]}, "properties": {"distrito": "San Cristóbal", "ndvi_antes": 0.9, "ndvi_despues": 0.15, "delta_ndvi": 0.75, "ha_aprox": 0.22, "ventana_antes": "2026-07-27 a 2026-08-16", "ventana_despues": "2026-08-21 a 2026-09-09", "cruce_fuego": false, "fuente": "Sentinel-2 L2A (Copernicus CDSE)", "res_m": 50}}, {"type": "Feature", "geometry": {"type": "Polygon", "coordinates": [[[-55.023, -25.7868], [-55.0225, -25.7868], [-55.0225, -25.786399999999997], [-55.023, -25.786399999999997], [-55.023, -25.7868]]]}, "properties": {"distrito": "San Cristóbal", "ndvi_antes": 0.9, "ndvi_despues": 0.15, "delta_ndvi": 0.75, "ha_aprox": 0.22, "ventana_antes": "2026-07-27 a 2026-08-16", "ventana_despues": "2026-08-21 a 2026-09-09", "cruce_fuego": false, "fuente": "Sentinel-2 L2A (Copernicus CDSE)", "res_m": 50}}, {"type": "Feature", "geometry": {"type": "Polygon", "coordinates": [[[-55.025000000000006, -25.787599999999998], [-55.0245, -25.787599999999998], [-55.0245, -25.7872], [-55.025000000000006, -25.7872], [-55.025000000000006, -25.787599999999998]]]}, "properties": {"distrito": "San Cristóbal", "ndvi_antes": 0.9, "ndvi_despues": 0.15, "delta_ndvi": 0.75, "ha_aprox": 0.22, "ventana_antes": "2026-07-27 a 2026-08-16", "ventana_despues": "2026-08-21 a 2026-09-09", "cruce_fuego": false, "fuente": "Sentinel-2 L2A (Copernicus CDSE)", "res_m": 50}}, {"type": "Feature", "geometry": {"type": "Polygon", "coordinates": [[[-55.024, -25.787999999999997], [-55.0235, -25.787999999999997], [-55.0235, -25.787599999999998], [-55.024, -25.787599999999998], [-55.024, -25.787999999999997]]]}, "properties": {"distrito": "San Cristóbal", "ndvi_antes": 0.88, "ndvi_despues": 0.14, "delta_ndvi": 0.75, "ha_aprox": 0.22, "ventana_antes": "2026-07-27 a 2026-08-16", "ventana_despues": "2026-08-21 a 2026-09-09", "cruce_fuego": false, "fuente": "Sentinel-2 L2A (Copernicus CDSE)", "res_m": 50}}, {"type": "Feature", "geometry": {"type": "Polygon", "coordinates": [[[-55.549499999999995, -25.5044], [-55.549, -25.5044], [-55.549, -25.504], [-55.549499999999995, -25.504], [-55.549499999999995, -25.5044]]]}, "properties": {"distrito": "San Cristóbal", "ndvi_antes": 0.91, "ndvi_despues": 0.16, "delta_ndvi": 0.75, "ha_aprox": 0.22, "ventana_antes": "2026-07-27 a 2026-08-16", "ventana_despues": "2026-08-21 a 2026-09-09", "cruce_fuego": false, "fuente": "Sentinel-2 L2A (Copernicus CDSE)", "res_m": 50}}, {"type": "Feature", "geometry": {"type": "Polygon", "coordinates": [[[-55.5475, -25.4928], [-55.547, -25.4928], [-55.547, -25.4924], [-55.5475, -25.4924], [-55.5475, -25.4928]]]}, "properties": {"distrito": "San Cristóbal", "ndvi_antes": 0.92, "ndvi_despues": 0.18, "delta_ndvi": 0.74, "ha_aprox": 0.22, "ventana_antes": "2026-07-27 a 2026-08-16", "ventana_despues": "2026-08-21 a 2026-09-09", "cruce_fuego": false, "fuente": "Sentinel-2 L2A (Copernicus CDSE)", "res_m": 50}}, {"type": "Feature", "geometry": {"type": "Polygon", "coordinates": [[[-55.547999999999995, -25.4944], [-55.5475, -25.4944], [-55.5475, -25.494], [-55.547999999999995, -25.494], [-55.547999999999995, -25.4944]]]}, "properties": {"distrito": "San Cristóbal", "ndvi_antes": 0.91, "ndvi_despues": 0.18, "delta_ndvi": 0.74, "ha_aprox": 0.22, "ventana_antes": "2026-07-27 a 2026-08-16", "ventana_despues": "2026-08-21 a 2026-09-09", "cruce_fuego": false, "fuente": "Sentinel-2 L2A (Copernicus CDSE)", "res_m": 50}}, {"type": "Feature", "geometry": {"type": "Polygon", "coordinates": [[[-55.540499999999994, -25.4992], [-55.54, -25.4992], [-55.54, -25.4988], [-55.540499999999994, -25.4988], [-55.540499999999994, -25.4992]]]}, "properties": {"distrito": "San Cristóbal", "ndvi_antes": 0.93, "ndvi_despues": 0.19, "delta_ndvi": 0.74, "ha_aprox": 0.22, "ventana_antes": "2026-07-27 a 2026-08-16", "ventana_despues": "2026-08-21 a 2026-09-09", "cruce_fuego": false, "fuente": "Sentinel-2 L2A (Copernicus CDSE)", "res_m": 50}}, {"type": "Feature", "geometry": {"type": "Polygon", "coordinates": [[[-55.5415, -25.5088], [-55.541, -25.5088], [-55.541, -25.508399999999998], [-55.5415, -25.508399999999998], [-55.5415, -25.5088]]]}, "properties": {"distrito": "San Cristóbal", "ndvi_antes": 0.91, "ndvi_despues": 0.18, "delta_ndvi": 0.74, "ha_aprox": 0.22, "ventana_antes": "2026-07-27 a 2026-08-16", "ventana_despues": "2026-08-21 a 2026-09-09", "cruce_fuego": false, "fuente": "Sentinel-2 L2A (Copernicus CDSE)", "res_m": 50}}, {"type": "Feature", "geometry": {"type": "Polygon", "coordinates": [[[-55.451, -25.72], [-55.4505, -25.72], [-55.4505, -25.7196], [-55.451, -25.7196], [-55.451, -25.72]]]}, "properties": {"distrito": "San Cristóbal", "ndvi_antes": 0.93, "ndvi_despues": 0.19, "delta_ndvi": 0.74, "ha_aprox": 0.22, "ventana_antes": "2026-07-27 a 2026-08-16", "ventana_despues": "2026-08-21 a 2026-09-09", "cruce_fuego": false, "fuente": "Sentinel-2 L2A (Copernicus CDSE)", "res_m": 50}}, {"type": "Feature", "geometry": {"type": "Polygon", "coordinates": [[[-55.452, -25.720399999999998], [-55.451499999999996, -25.720399999999998], [-55.451499999999996, -25.72], [-55.452, -25.72], [-55.452, -25.720399999999998]]]}, "properties": {"distrito": "San Cristóbal", "ndvi_antes": 0.92, "ndvi_despues": 0.18, "delta_ndvi": 0.74, "ha_aprox": 0.22, "ventana_antes": "2026-07-27 a 2026-08-16", "ventana_despues": "2026-08-21 a 2026-09-09", "cruce_fuego": false, "fuente": "Sentinel-2 L2A (Copernicus CDSE)", "res_m": 50}}, {"type": "Feature", "geometry": {"type": "Polygon", "coordinates": [[[-55.452999999999996, -25.722399999999997], [-55.4525, -25.722399999999997], [-55.4525, -25.721999999999998], [-55.452999999999996, -25.721999999999998], [-55.452999999999996, -25.722399999999997]]]}, "properties": {"distrito": "San Cristóbal", "ndvi_antes": 0.92, "ndvi_despues": 0.18, "delta_ndvi": 0.74, "ha_aprox": 0.22, "ventana_antes": "2026-07-27 a 2026-08-16", "ventana_despues": "2026-08-21 a 2026-09-09", "cruce_fuego": false, "fuente": "Sentinel-2 L2A (Copernicus CDSE)", "res_m": 50}}, {"type": "Feature", "geometry": {"type": "Polygon", "coordinates": [[[-55.024, -25.7868], [-55.0235, -25.7868], [-55.0235, -25.786399999999997], [-55.024, -25.786399999999997], [-55.024, -25.7868]]]}, "properties": {"distrito": "San Cristóbal", "ndvi_antes": 0.89, "ndvi_despues": 0.15, "delta_ndvi": 0.74, "ha_aprox": 0.22, "ventana_antes": "2026-07-27 a 2026-08-16", "ventana_despues": "2026-08-21 a 2026-09-09", "cruce_fuego": false, "fuente": "Sentinel-2 L2A (Copernicus CDSE)", "res_m": 50}}, {"type": "Feature", "geometry": {"type": "Polygon", "coordinates": [[[-55.0165, -25.7872], [-55.016000000000005, -25.7872], [-55.016000000000005, -25.7868], [-55.0165, -25.7868], [-55.0165, -25.7872]]]}, "properties": {"distrito": "San Cristóbal", "ndvi_antes": 0.91, "ndvi_despues": 0.18, "delta_ndvi": 0.74, "ha_aprox": 0.22, "ventana_antes": "2026-07-27 a 2026-08-16", "ventana_despues": "2026-08-21 a 2026-09-09", "cruce_fuego": false, "fuente": "Sentinel-2 L2A (Copernicus CDSE)", "res_m": 50}}, {"type": "Feature", "geometry": {"type": "Polygon", "coordinates": [[[-55.247, -25.816], [-55.2465, -25.816], [-55.2465, -25.815599999999996], [-55.247, -25.815599999999996], [-55.247, -25.816]]]}, "properties": {"distrito": "San Cristóbal", "ndvi_antes": 0.92, "ndvi_despues": 0.18, "delta_ndvi": 0.74, "ha_aprox": 0.22, "ventana_antes": "2026-07-27 a 2026-08-16", "ventana_despues": "2026-08-21 a 2026-09-09", "cruce_fuego": false, "fuente": "Sentinel-2 L2A (Copernicus CDSE)", "res_m": 50}}, {"type": "Feature", "geometry": {"type": "Polygon", "coordinates": [[[-55.492, -25.869199999999996], [-55.491499999999995, -25.869199999999996], [-55.491499999999995, -25.868799999999997], [-55.492, -25.868799999999997], [-55.492, -25.869199999999996]]]}, "properties": {"distrito": "San Cristóbal", "ndvi_antes": 0.87, "ndvi_despues": 0.13, "delta_ndvi": 0.74, "ha_aprox": 0.22, "ventana_antes": "2026-07-27 a 2026-08-16", "ventana_despues": "2026-08-21 a 2026-09-09", "cruce_fuego": false, "fuente": "Sentinel-2 L2A (Copernicus CDSE)", "res_m": 50}}, {"type": "Feature", "geometry": {"type": "Polygon", "coordinates": [[[-55.5485, -25.4984], [-55.547999999999995, -25.4984], [-55.547999999999995, -25.498], [-55.5485, -25.498], [-55.5485, -25.4984]]]}, "properties": {"distrito": "San Cristóbal", "ndvi_antes": 0.9, "ndvi_despues": 0.16, "delta_ndvi": 0.74, "ha_aprox": 0.22, "ventana_antes": "2026-07-27 a 2026-08-16", "ventana_despues": "2026-08-21 a 2026-09-09", "cruce_fuego": false, "fuente": "Sentinel-2 L2A (Copernicus CDSE)", "res_m": 50}}, {"type": "Feature", "geometry": {"type": "Polygon", "coordinates": [[[-54.943000000000005, -25.6792], [-54.9425, -25.6792], [-54.9425, -25.6788], [-54.943000000000005, -25.6788], [-54.943000000000005, -25.6792]]]}, "properties": {"distrito": "Santa Rita", "ndvi_antes": 0.93, "ndvi_despues": -0.08, "delta_ndvi": 1.01, "ha_aprox": 0.22, "ventana_antes": "2026-07-27 a 2026-08-16", "ventana_despues": "2026-08-21 a 2026-09-09", "cruce_fuego": false, "fuente": "Sentinel-2 L2A (Copernicus CDSE)", "res_m": 50}}, {"type": "Feature", "geometry": {"type": "Polygon", "coordinates": [[[-54.940000000000005, -25.678], [-54.9395, -25.678], [-54.9395, -25.677599999999998], [-54.940000000000005, -25.677599999999998], [-54.940000000000005, -25.678]]]}, "properties": {"distrito": "Santa Rita", "ndvi_antes": 0.85, "ndvi_despues": 0.03, "delta_ndvi": 0.82, "ha_aprox": 0.22, "ventana_antes": "2026-07-27 a 2026-08-16", "ventana_despues": "2026-08-21 a 2026-09-09", "cruce_fuego": false, "fuente": "Sentinel-2 L2A (Copernicus CDSE)", "res_m": 50}}, {"type": "Feature", "geometry": {"type": "Polygon", "coordinates": [[[-55.0165, -25.782], [-55.016, -25.782], [-55.016, -25.7816], [-55.0165, -25.7816], [-55.0165, -25.782]]]}, "properties": {"distrito": "Santa Rita", "ndvi_antes": 0.94, "ndvi_despues": 0.14, "delta_ndvi": 0.8, "ha_aprox": 0.22, "ventana_antes": "2026-07-27 a 2026-08-16", "ventana_despues": "2026-08-21 a 2026-09-09", "cruce_fuego": false, "fuente": "Sentinel-2 L2A (Copernicus CDSE)", "res_m": 50}}, {"type": "Feature", "geometry": {"type": "Polygon", "coordinates": [[[-55.025, -25.7868], [-55.0245, -25.7868], [-55.0245, -25.7864], [-55.025, -25.7864], [-55.025, -25.7868]]]}, "properties": {"distrito": "Santa Rita", "ndvi_antes": 0.89, "ndvi_despues": 0.09, "delta_ndvi": 0.8, "ha_aprox": 0.22, "ventana_antes": "2026-07-27 a 2026-08-16", "ventana_despues": "2026-08-21 a 2026-09-09", "cruce_fuego": false, "fuente": "Sentinel-2 L2A (Copernicus CDSE)", "res_m": 50}}, {"type": "Feature", "geometry": {"type": "Polygon", "coordinates": [[[-54.969, -25.6952], [-54.9685, -25.6952], [-54.9685, -25.6948], [-54.969, -25.6948], [-54.969, -25.6952]]]}, "properties": {"distrito": "Santa Rita", "ndvi_antes": 0.69, "ndvi_despues": -0.11, "delta_ndvi": 0.8, "ha_aprox": 0.22, "ventana_antes": "2026-07-27 a 2026-08-16", "ventana_despues": "2026-08-21 a 2026-09-09", "cruce_fuego": false, "fuente": "Sentinel-2 L2A (Copernicus CDSE)", "res_m": 50}}, {"type": "Feature", "geometry": {"type": "Polygon", "coordinates": [[[-54.951, -25.6972], [-54.9505, -25.6972], [-54.9505, -25.6968], [-54.951, -25.6968], [-54.951, -25.6972]]]}, "properties": {"distrito": "Santa Rita", "ndvi_antes": 0.89, "ndvi_despues": 0.1, "delta_ndvi": 0.79, "ha_aprox": 0.22, "ventana_antes": "2026-07-27 a 2026-08-16", "ventana_despues": "2026-08-21 a 2026-09-09", "cruce_fuego": false, "fuente": "Sentinel-2 L2A (Copernicus CDSE)", "res_m": 50}}, {"type": "Feature", "geometry": {"type": "Polygon", "coordinates": [[[-54.9095, -25.801199999999998], [-54.909, -25.801199999999998], [-54.909, -25.8008], [-54.9095, -25.8008], [-54.9095, -25.801199999999998]]]}, "properties": {"distrito": "Santa Rita", "ndvi_antes": 0.84, "ndvi_despues": 0.05, "delta_ndvi": 0.79, "ha_aprox": 0.22, "ventana_antes": "2026-07-27 a 2026-08-16", "ventana_despues": "2026-08-21 a 2026-09-09", "cruce_fuego": false, "fuente": "Sentinel-2 L2A (Copernicus CDSE)", "res_m": 50}}, {"type": "Feature", "geometry": {"type": "Polygon", "coordinates": [[[-55.352, -25.6112], [-55.351499999999994, -25.6112], [-55.351499999999994, -25.6108], [-55.352, -25.6108], [-55.352, -25.6112]]]}, "properties": {"distrito": "Santa Rita", "ndvi_antes": 0.86, "ndvi_despues": 0.07, "delta_ndvi": 0.78, "ha_aprox": 0.22, "ventana_antes": "2026-07-27 a 2026-08-16", "ventana_despues": "2026-08-21 a 2026-09-09", "cruce_fuego": false, "fuente": "Sentinel-2 L2A (Copernicus CDSE)", "res_m": 50}}, {"type": "Feature", "geometry": {"type": "Polygon", "coordinates": [[[-55.153, -25.439600000000002], [-55.152499999999996, -25.439600000000002], [-55.152499999999996, -25.439200000000003], [-55.153, -25.439200000000003], [-55.153, -25.439600000000002]]]}, "properties": {"distrito": "Santa Rita", "ndvi_antes": 0.79, "ndvi_despues": 0.01, "delta_ndvi": 0.78, "ha_aprox": 0.22, "ventana_antes": "2026-07-27 a 2026-08-16", "ventana_despues": "2026-08-21 a 2026-09-09", "cruce_fuego": false, "fuente": "Sentinel-2 L2A (Copernicus CDSE)", "res_m": 50}}, {"type": "Feature", "geometry": {"type": "Polygon", "coordinates": [[[-54.8575, -25.5116], [-54.857, -25.5116], [-54.857, -25.511200000000002], [-54.8575, -25.511200000000002], [-54.8575, -25.5116]]]}, "properties": {"distrito": "Santa Rita", "ndvi_antes": 0.75, "ndvi_despues": -0.02, "delta_ndvi": 0.77, "ha_aprox": 0.22, "ventana_antes": "2026-07-27 a 2026-08-16", "ventana_despues": "2026-08-21 a 2026-09-09", "cruce_fuego": false, "fuente": "Sentinel-2 L2A (Copernicus CDSE)", "res_m": 50}}, {"type": "Feature", "geometry": {"type": "Polygon", "coordinates": [[[-55.019, -25.784399999999998], [-55.0185, -25.784399999999998], [-55.0185, -25.784], [-55.019, -25.784], [-55.019, -25.784399999999998]]]}, "properties": {"distrito": "Santa Rita", "ndvi_antes": 0.91, "ndvi_despues": 0.14, "delta_ndvi": 0.77, "ha_aprox": 0.22, "ventana_antes": "2026-07-27 a 2026-08-16", "ventana_despues": "2026-08-21 a 2026-09-09", "cruce_fuego": false, "fuente": "Sentinel-2 L2A (Copernicus CDSE)", "res_m": 50}}, {"type": "Feature", "geometry": {"type": "Polygon", "coordinates": [[[-55.025, -25.7872], [-55.0245, -25.7872], [-55.0245, -25.7868], [-55.025, -25.7868], [-55.025, -25.7872]]]}, "properties": {"distrito": "Santa Rita", "ndvi_antes": 0.88, "ndvi_despues": 0.11, "delta_ndvi": 0.77, "ha_aprox": 0.22, "ventana_antes": "2026-07-27 a 2026-08-16", "ventana_despues": "2026-08-21 a 2026-09-09", "cruce_fuego": false, "fuente": "Sentinel-2 L2A (Copernicus CDSE)", "res_m": 50}}, {"type": "Feature", "geometry": {"type": "Polygon", "coordinates": [[[-54.909, -25.801199999999998], [-54.908500000000004, -25.801199999999998], [-54.908500000000004, -25.8008], [-54.909, -25.8008], [-54.909, -25.801199999999998]]]}, "properties": {"distrito": "Santa Rita", "ndvi_antes": 0.83, "ndvi_despues": 0.06, "delta_ndvi": 0.77, "ha_aprox": 0.22, "ventana_antes": "2026-07-27 a 2026-08-16", "ventana_despues": "2026-08-21 a 2026-09-09", "cruce_fuego": false, "fuente": "Sentinel-2 L2A (Copernicus CDSE)", "res_m": 50}}, {"type": "Feature", "geometry": {"type": "Polygon", "coordinates": [[[-54.988, -25.8184], [-54.987500000000004, -25.8184], [-54.987500000000004, -25.817999999999998], [-54.988, -25.817999999999998], [-54.988, -25.8184]]]}, "properties": {"distrito": "Santa Rita", "ndvi_antes": 0.73, "ndvi_despues": -0.04, "delta_ndvi": 0.76, "ha_aprox": 0.22, "ventana_antes": "2026-07-27 a 2026-08-16", "ventana_despues": "2026-08-21 a 2026-09-09", "cruce_fuego": false, "fuente": "Sentinel-2 L2A (Copernicus CDSE)", "res_m": 50}}, {"type": "Feature", "geometry": {"type": "Polygon", "coordinates": [[[-55.0225, -25.7888], [-55.022, -25.7888], [-55.022, -25.7884], [-55.0225, -25.7884], [-55.0225, -25.7888]]]}, "properties": {"distrito": "Santa Rita", "ndvi_antes": 0.89, "ndvi_despues": 0.13, "delta_ndvi": 0.76, "ha_aprox": 0.22, "ventana_antes": "2026-07-27 a 2026-08-16", "ventana_despues": "2026-08-21 a 2026-09-09", "cruce_fuego": false, "fuente": "Sentinel-2 L2A (Copernicus CDSE)", "res_m": 50}}, {"type": "Feature", "geometry": {"type": "Polygon", "coordinates": [[[-55.0185, -25.7896], [-55.018, -25.7896], [-55.018, -25.7892], [-55.0185, -25.7892], [-55.0185, -25.7896]]]}, "properties": {"distrito": "Santa Rita", "ndvi_antes": 0.9, "ndvi_despues": 0.14, "delta_ndvi": 0.76, "ha_aprox": 0.22, "ventana_antes": "2026-07-27 a 2026-08-16", "ventana_despues": "2026-08-21 a 2026-09-09", "cruce_fuego": false, "fuente": "Sentinel-2 L2A (Copernicus CDSE)", "res_m": 50}}, {"type": "Feature", "geometry": {"type": "Polygon", "coordinates": [[[-54.910000000000004, -25.801199999999998], [-54.9095, -25.801199999999998], [-54.9095, -25.8008], [-54.910000000000004, -25.8008], [-54.910000000000004, -25.801199999999998]]]}, "properties": {"distrito": "Santa Rita", "ndvi_antes": 0.86, "ndvi_despues": 0.1, "delta_ndvi": 0.76, "ha_aprox": 0.22, "ventana_antes": "2026-07-27 a 2026-08-16", "ventana_despues": "2026-08-21 a 2026-09-09", "cruce_fuego": false, "fuente": "Sentinel-2 L2A (Copernicus CDSE)", "res_m": 50}}, {"type": "Feature", "geometry": {"type": "Polygon", "coordinates": [[[-55.3105, -25.435200000000002], [-55.309999999999995, -25.435200000000002], [-55.309999999999995, -25.434800000000003], [-55.3105, -25.434800000000003], [-55.3105, -25.435200000000002]]]}, "properties": {"distrito": "Santa Rita", "ndvi_antes": 0.9, "ndvi_despues": 0.15, "delta_ndvi": 0.75, "ha_aprox": 0.22, "ventana_antes": "2026-07-27 a 2026-08-16", "ventana_despues": "2026-08-21 a 2026-09-09", "cruce_fuego": false, "fuente": "Sentinel-2 L2A (Copernicus CDSE)", "res_m": 50}}, {"type": "Feature", "geometry": {"type": "Polygon", "coordinates": [[[-55.021, -25.7856], [-55.0205, -25.7856], [-55.0205, -25.7852], [-55.021, -25.7852], [-55.021, -25.7856]]]}, "properties": {"distrito": "Santa Rita", "ndvi_antes": 0.9, "ndvi_despues": 0.15, "delta_ndvi": 0.75, "ha_aprox": 0.22, "ventana_antes": "2026-07-27 a 2026-08-16", "ventana_despues": "2026-08-21 a 2026-09-09", "cruce_fuego": false, "fuente": "Sentinel-2 L2A (Copernicus CDSE)", "res_m": 50}}, {"type": "Feature", "geometry": {"type": "Polygon", "coordinates": [[[-54.908, -25.8004], [-54.9075, -25.8004], [-54.9075, -25.8], [-54.908, -25.8], [-54.908, -25.8004]]]}, "properties": {"distrito": "Santa Rita", "ndvi_antes": 0.87, "ndvi_despues": 0.11, "delta_ndvi": 0.75, "ha_aprox": 0.22, "ventana_antes": "2026-07-27 a 2026-08-16", "ventana_despues": "2026-08-21 a 2026-09-09", "cruce_fuego": false, "fuente": "Sentinel-2 L2A (Copernicus CDSE)", "res_m": 50}}, {"type": "Feature", "geometry": {"type": "Polygon", "coordinates": [[[-54.911, -25.8076], [-54.9105, -25.8076], [-54.9105, -25.807199999999998], [-54.911, -25.807199999999998], [-54.911, -25.8076]]]}, "properties": {"distrito": "Santa Rita", "ndvi_antes": 0.93, "ndvi_despues": 0.18, "delta_ndvi": 0.75, "ha_aprox": 0.22, "ventana_antes": "2026-07-27 a 2026-08-16", "ventana_despues": "2026-08-21 a 2026-09-09", "cruce_fuego": false, "fuente": "Sentinel-2 L2A (Copernicus CDSE)", "res_m": 50}}, {"type": "Feature", "geometry": {"type": "Polygon", "coordinates": [[[-55.357499999999995, -25.456400000000002], [-55.357, -25.456400000000002], [-55.357, -25.456000000000003], [-55.357499999999995, -25.456000000000003], [-55.357499999999995, -25.456400000000002]]]}, "properties": {"distrito": "Santa Rita", "ndvi_antes": 0.81, "ndvi_despues": 0.07, "delta_ndvi": 0.75, "ha_aprox": 0.22, "ventana_antes": "2026-07-27 a 2026-08-16", "ventana_despues": "2026-08-21 a 2026-09-09", "cruce_fuego": false, "fuente": "Sentinel-2 L2A (Copernicus CDSE)", "res_m": 50}}, {"type": "Feature", "geometry": {"type": "Polygon", "coordinates": [[[-54.843500000000006, -25.472800000000003], [-54.843, -25.472800000000003], [-54.843, -25.4724], [-54.843500000000006, -25.4724], [-54.843500000000006, -25.472800000000003]]]}, "properties": {"distrito": "Santa Rita", "ndvi_antes": 0.79, "ndvi_despues": 0.04, "delta_ndvi": 0.75, "ha_aprox": 0.22, "ventana_antes": "2026-07-27 a 2026-08-16", "ventana_despues": "2026-08-21 a 2026-09-09", "cruce_fuego": false, "fuente": "Sentinel-2 L2A (Copernicus CDSE)", "res_m": 50}}, {"type": "Feature", "geometry": {"type": "Polygon", "coordinates": [[[-55.022, -25.7864], [-55.0215, -25.7864], [-55.0215, -25.785999999999998], [-55.022, -25.785999999999998], [-55.022, -25.7864]]]}, "properties": {"distrito": "Santa Rita", "ndvi_antes": 0.9, "ndvi_despues": 0.15, "delta_ndvi": 0.75, "ha_aprox": 0.22, "ventana_antes": "2026-07-27 a 2026-08-16", "ventana_despues": "2026-08-21 a 2026-09-09", "cruce_fuego": false, "fuente": "Sentinel-2 L2A (Copernicus CDSE)", "res_m": 50}}, {"type": "Feature", "geometry": {"type": "Polygon", "coordinates": [[[-55.023, -25.7868], [-55.0225, -25.7868], [-55.0225, -25.7864], [-55.023, -25.7864], [-55.023, -25.7868]]]}, "properties": {"distrito": "Santa Rita", "ndvi_antes": 0.9, "ndvi_despues": 0.15, "delta_ndvi": 0.75, "ha_aprox": 0.22, "ventana_antes": "2026-07-27 a 2026-08-16", "ventana_despues": "2026-08-21 a 2026-09-09", "cruce_fuego": false, "fuente": "Sentinel-2 L2A (Copernicus CDSE)", "res_m": 50}}, {"type": "Feature", "geometry": {"type": "Polygon", "coordinates": [[[-55.025, -25.787599999999998], [-55.0245, -25.787599999999998], [-55.0245, -25.7872], [-55.025, -25.7872], [-55.025, -25.787599999999998]]]}, "properties": {"distrito": "Santa Rita", "ndvi_antes": 0.9, "ndvi_despues": 0.15, "delta_ndvi": 0.75, "ha_aprox": 0.22, "ventana_antes": "2026-07-27 a 2026-08-16", "ventana_despues": "2026-08-21 a 2026-09-09", "cruce_fuego": false, "fuente": "Sentinel-2 L2A (Copernicus CDSE)", "res_m": 50}}, {"type": "Feature", "geometry": {"type": "Polygon", "coordinates": [[[-55.024, -25.788], [-55.0235, -25.788], [-55.0235, -25.787599999999998], [-55.024, -25.787599999999998], [-55.024, -25.788]]]}, "properties": {"distrito": "Santa Rita", "ndvi_antes": 0.88, "ndvi_despues": 0.14, "delta_ndvi": 0.75, "ha_aprox": 0.22, "ventana_antes": "2026-07-27 a 2026-08-16", "ventana_despues": "2026-08-21 a 2026-09-09", "cruce_fuego": false, "fuente": "Sentinel-2 L2A (Copernicus CDSE)", "res_m": 50}}, {"type": "Feature", "geometry": {"type": "Polygon", "coordinates": [[[-54.908500000000004, -25.8008], [-54.908, -25.8008], [-54.908, -25.8004], [-54.908500000000004, -25.8004], [-54.908500000000004, -25.8008]]]}, "properties": {"distrito": "Santa Rita", "ndvi_antes": 0.85, "ndvi_despues": 0.11, "delta_ndvi": 0.75, "ha_aprox": 0.22, "ventana_antes": "2026-07-27 a 2026-08-16", "ventana_despues": "2026-08-21 a 2026-09-09", "cruce_fuego": false, "fuente": "Sentinel-2 L2A (Copernicus CDSE)", "res_m": 50}}, {"type": "Feature", "geometry": {"type": "Polygon", "coordinates": [[[-54.910000000000004, -25.8076], [-54.9095, -25.8076], [-54.9095, -25.807199999999998], [-54.910000000000004, -25.807199999999998], [-54.910000000000004, -25.8076]]]}, "properties": {"distrito": "Santa Rita", "ndvi_antes": 0.91, "ndvi_despues": 0.16, "delta_ndvi": 0.75, "ha_aprox": 0.22, "ventana_antes": "2026-07-27 a 2026-08-16", "ventana_despues": "2026-08-21 a 2026-09-09", "cruce_fuego": false, "fuente": "Sentinel-2 L2A (Copernicus CDSE)", "res_m": 50}}, {"type": "Feature", "geometry": {"type": "Polygon", "coordinates": [[[-54.858000000000004, -25.5116], [-54.8575, -25.5116], [-54.8575, -25.511200000000002], [-54.858000000000004, -25.511200000000002], [-54.858000000000004, -25.5116]]]}, "properties": {"distrito": "Santa Rita", "ndvi_antes": 0.75, "ndvi_despues": 0.01, "delta_ndvi": 0.74, "ha_aprox": 0.22, "ventana_antes": "2026-07-27 a 2026-08-16", "ventana_despues": "2026-08-21 a 2026-09-09", "cruce_fuego": false, "fuente": "Sentinel-2 L2A (Copernicus CDSE)", "res_m": 50}}, {"type": "Feature", "geometry": {"type": "Polygon", "coordinates": [[[-54.940000000000005, -25.677599999999998], [-54.9395, -25.677599999999998], [-54.9395, -25.6772], [-54.940000000000005, -25.6772], [-54.940000000000005, -25.677599999999998]]]}, "properties": {"distrito": "Santa Rita", "ndvi_antes": 0.81, "ndvi_despues": 0.07, "delta_ndvi": 0.74, "ha_aprox": 0.22, "ventana_antes": "2026-07-27 a 2026-08-16", "ventana_despues": "2026-08-21 a 2026-09-09", "cruce_fuego": false, "fuente": "Sentinel-2 L2A (Copernicus CDSE)", "res_m": 50}}, {"type": "Feature", "geometry": {"type": "Polygon", "coordinates": [[[-55.024, -25.7868], [-55.0235, -25.7868], [-55.0235, -25.7864], [-55.024, -25.7864], [-55.024, -25.7868]]]}, "properties": {"distrito": "Santa Rita", "ndvi_antes": 0.89, "ndvi_despues": 0.15, "delta_ndvi": 0.74, "ha_aprox": 0.22, "ventana_antes": "2026-07-27 a 2026-08-16", "ventana_despues": "2026-08-21 a 2026-09-09", "cruce_fuego": false, "fuente": "Sentinel-2 L2A (Copernicus CDSE)", "res_m": 50}}, {"type": "Feature", "geometry": {"type": "Polygon", "coordinates": [[[-55.0165, -25.7872], [-55.016, -25.7872], [-55.016, -25.7868], [-55.0165, -25.7868], [-55.0165, -25.7872]]]}, "properties": {"distrito": "Santa Rita", "ndvi_antes": 0.91, "ndvi_despues": 0.18, "delta_ndvi": 0.74, "ha_aprox": 0.22, "ventana_antes": "2026-07-27 a 2026-08-16", "ventana_despues": "2026-08-21 a 2026-09-09", "cruce_fuego": false, "fuente": "Sentinel-2 L2A (Copernicus CDSE)", "res_m": 50}}, {"type": "Feature", "geometry": {"type": "Polygon", "coordinates": [[[-55.247, -25.816], [-55.2465, -25.816], [-55.2465, -25.8156], [-55.247, -25.8156], [-55.247, -25.816]]]}, "properties": {"distrito": "Santa Rita", "ndvi_antes": 0.92, "ndvi_despues": 0.18, "delta_ndvi": 0.74, "ha_aprox": 0.22, "ventana_antes": "2026-07-27 a 2026-08-16", "ventana_despues": "2026-08-21 a 2026-09-09", "cruce_fuego": false, "fuente": "Sentinel-2 L2A (Copernicus CDSE)", "res_m": 50}}, {"type": "Feature", "geometry": {"type": "Polygon", "coordinates": [[[-54.96, -25.6568], [-54.9595, -25.6568], [-54.9595, -25.6564], [-54.96, -25.6564], [-54.96, -25.6568]]]}, "properties": {"distrito": "Santa Rita", "ndvi_antes": 0.84, "ndvi_despues": 0.11, "delta_ndvi": 0.74, "ha_aprox": 0.22, "ventana_antes": "2026-07-27 a 2026-08-16", "ventana_despues": "2026-08-21 a 2026-09-09", "cruce_fuego": false, "fuente": "Sentinel-2 L2A (Copernicus CDSE)", "res_m": 50}}, {"type": "Feature", "geometry": {"type": "Polygon", "coordinates": [[[-55.244, -25.8168], [-55.2435, -25.8168], [-55.2435, -25.816399999999998], [-55.244, -25.816399999999998], [-55.244, -25.8168]]]}, "properties": {"distrito": "Santa Rita", "ndvi_antes": 0.91, "ndvi_despues": 0.17, "delta_ndvi": 0.74, "ha_aprox": 0.22, "ventana_antes": "2026-07-27 a 2026-08-16", "ventana_despues": "2026-08-21 a 2026-09-09", "cruce_fuego": false, "fuente": "Sentinel-2 L2A (Copernicus CDSE)", "res_m": 50}}, {"type": "Feature", "geometry": {"type": "Polygon", "coordinates": [[[-55.327999999999996, -25.5344], [-55.3275, -25.5344], [-55.3275, -25.534000000000002], [-55.327999999999996, -25.534000000000002], [-55.327999999999996, -25.5344]]]}, "properties": {"distrito": "Santa Rita", "ndvi_antes": 0.87, "ndvi_despues": 0.14, "delta_ndvi": 0.73, "ha_aprox": 0.22, "ventana_antes": "2026-07-27 a 2026-08-16", "ventana_despues": "2026-08-21 a 2026-09-09", "cruce_fuego": false, "fuente": "Sentinel-2 L2A (Copernicus CDSE)", "res_m": 50}}, {"type": "Feature", "geometry": {"type": "Polygon", "coordinates": [[[-55.0195, -25.7908], [-55.019, -25.7908], [-55.019, -25.790399999999998], [-55.0195, -25.790399999999998], [-55.0195, -25.7908]]]}, "properties": {"distrito": "Santa Rita", "ndvi_antes": 0.88, "ndvi_despues": 0.15, "delta_ndvi": 0.73, "ha_aprox": 0.22, "ventana_antes": "2026-07-27 a 2026-08-16", "ventana_despues": "2026-08-21 a 2026-09-09", "cruce_fuego": false, "fuente": "Sentinel-2 L2A (Copernicus CDSE)", "res_m": 50}}, {"type": "Feature", "geometry": {"type": "Polygon", "coordinates": [[[-55.326499999999996, -25.866], [-55.326, -25.866], [-55.326, -25.8656], [-55.326499999999996, -25.8656], [-55.326499999999996, -25.866]]]}, "properties": {"distrito": "Santa Rita", "ndvi_antes": 0.93, "ndvi_despues": 0.2, "delta_ndvi": 0.73, "ha_aprox": 0.22, "ventana_antes": "2026-07-27 a 2026-08-16", "ventana_despues": "2026-08-21 a 2026-09-09", "cruce_fuego": false, "fuente": "Sentinel-2 L2A (Copernicus CDSE)", "res_m": 50}}, {"type": "Feature", "geometry": {"type": "Polygon", "coordinates": [[[-55.335, -25.874], [-55.3345, -25.874], [-55.3345, -25.8736], [-55.335, -25.8736], [-55.335, -25.874]]]}, "properties": {"distrito": "Santa Rita", "ndvi_antes": 0.93, "ndvi_despues": 0.2, "delta_ndvi": 0.73, "ha_aprox": 0.22, "ventana_antes": "2026-07-27 a 2026-08-16", "ventana_despues": "2026-08-21 a 2026-09-09", "cruce_fuego": false, "fuente": "Sentinel-2 L2A (Copernicus CDSE)", "res_m": 50}}, {"type": "Feature", "geometry": {"type": "Polygon", "coordinates": [[[-54.943, -25.6792], [-54.9425, -25.6792], [-54.9425, -25.6788], [-54.943, -25.6788], [-54.943, -25.6792]]]}, "properties": {"distrito": "Santa Rosa del Monday", "ndvi_antes": 0.93, "ndvi_despues": -0.08, "delta_ndvi": 1.01, "ha_aprox": 0.22, "ventana_antes": "2026-07-27 a 2026-08-16", "ventana_despues": "2026-08-21 a 2026-09-09", "cruce_fuego": false, "fuente": "Sentinel-2 L2A (Copernicus CDSE)", "res_m": 50}}, {"type": "Feature", "geometry": {"type": "Polygon", "coordinates": [[[-55.025999999999996, -26.098799999999997], [-55.0255, -26.098799999999997], [-55.0255, -26.098399999999998], [-55.025999999999996, -26.098399999999998], [-55.025999999999996, -26.098799999999997]]]}, "properties": {"distrito": "Santa Rosa del Monday", "ndvi_antes": 0.84, "ndvi_despues": -0.04, "delta_ndvi": 0.89, "ha_aprox": 0.22, "ventana_antes": "2026-07-27 a 2026-08-16", "ventana_despues": "2026-08-21 a 2026-09-09", "cruce_fuego": false, "fuente": "Sentinel-2 L2A (Copernicus CDSE)", "res_m": 50}}, {"type": "Feature", "geometry": {"type": "Polygon", "coordinates": [[[-54.8605, -26.051599999999997], [-54.86, -26.051599999999997], [-54.86, -26.051199999999998], [-54.8605, -26.051199999999998], [-54.8605, -26.051599999999997]]]}, "properties": {"distrito": "Santa Rosa del Monday", "ndvi_antes": 0.76, "ndvi_despues": -0.1, "delta_ndvi": 0.85, "ha_aprox": 0.22, "ventana_antes": "2026-07-27 a 2026-08-16", "ventana_despues": "2026-08-21 a 2026-09-09", "cruce_fuego": false, "fuente": "Sentinel-2 L2A (Copernicus CDSE)", "res_m": 50}}, {"type": "Feature", "geometry": {"type": "Polygon", "coordinates": [[[-55.0215, -26.099199999999996], [-55.021, -26.099199999999996], [-55.021, -26.098799999999997], [-55.0215, -26.098799999999997], [-55.0215, -26.099199999999996]]]}, "properties": {"distrito": "Santa Rosa del Monday", "ndvi_antes": 0.82, "ndvi_despues": -0.01, "delta_ndvi": 0.83, "ha_aprox": 0.22, "ventana_antes": "2026-07-27 a 2026-08-16", "ventana_despues": "2026-08-21 a 2026-09-09", "cruce_fuego": false, "fuente": "Sentinel-2 L2A (Copernicus CDSE)", "res_m": 50}}, {"type": "Feature", "geometry": {"type": "Polygon", "coordinates": [[[-54.94, -25.678], [-54.9395, -25.678], [-54.9395, -25.6776], [-54.94, -25.6776], [-54.94, -25.678]]]}, "properties": {"distrito": "Santa Rosa del Monday", "ndvi_antes": 0.85, "ndvi_despues": 0.03, "delta_ndvi": 0.82, "ha_aprox": 0.22, "ventana_antes": "2026-07-27 a 2026-08-16", "ventana_despues": "2026-08-21 a 2026-09-09", "cruce_fuego": false, "fuente": "Sentinel-2 L2A (Copernicus CDSE)", "res_m": 50}}, {"type": "Feature", "geometry": {"type": "Polygon", "coordinates": [[[-55.023, -26.0996], [-55.0225, -26.0996], [-55.0225, -26.099199999999996], [-55.023, -26.099199999999996], [-55.023, -26.0996]]]}, "properties": {"distrito": "Santa Rosa del Monday", "ndvi_antes": 0.81, "ndvi_despues": -0.01, "delta_ndvi": 0.82, "ha_aprox": 0.22, "ventana_antes": "2026-07-27 a 2026-08-16", "ventana_despues": "2026-08-21 a 2026-09-09", "cruce_fuego": false, "fuente": "Sentinel-2 L2A (Copernicus CDSE)", "res_m": 50}}, {"type": "Feature", "geometry": {"type": "Polygon", "coordinates": [[[-55.0165, -25.782], [-55.016, -25.782], [-55.016, -25.7816], [-55.0165, -25.7816], [-55.0165, -25.782]]]}, "properties": {"distrito": "Santa Rosa del Monday", "ndvi_antes": 0.94, "ndvi_despues": 0.14, "delta_ndvi": 0.8, "ha_aprox": 0.22, "ventana_antes": "2026-07-27 a 2026-08-16", "ventana_despues": "2026-08-21 a 2026-09-09", "cruce_fuego": false, "fuente": "Sentinel-2 L2A (Copernicus CDSE)", "res_m": 50}}, {"type": "Feature", "geometry": {"type": "Polygon", "coordinates": [[[-55.025, -25.7868], [-55.0245, -25.7868], [-55.0245, -25.7864], [-55.025, -25.7864], [-55.025, -25.7868]]]}, "properties": {"distrito": "Santa Rosa del Monday", "ndvi_antes": 0.89, "ndvi_despues": 0.09, "delta_ndvi": 0.8, "ha_aprox": 0.22, "ventana_antes": "2026-07-27 a 2026-08-16", "ventana_despues": "2026-08-21 a 2026-09-09", "cruce_fuego": false, "fuente": "Sentinel-2 L2A (Copernicus CDSE)", "res_m": 50}}, {"type": "Feature", "geometry": {"type": "Polygon", "coordinates": [[[-54.969, -25.6952], [-54.9685, -25.6952], [-54.9685, -25.6948], [-54.969, -25.6948], [-54.969, -25.6952]]]}, "properties": {"distrito": "Santa Rosa del Monday", "ndvi_antes": 0.69, "ndvi_despues": -0.11, "delta_ndvi": 0.8, "ha_aprox": 0.22, "ventana_antes": "2026-07-27 a 2026-08-16", "ventana_despues": "2026-08-21 a 2026-09-09", "cruce_fuego": false, "fuente": "Sentinel-2 L2A (Copernicus CDSE)", "res_m": 50}}, {"type": "Feature", "geometry": {"type": "Polygon", "coordinates": [[[-55.0245, -26.099199999999996], [-55.024, -26.099199999999996], [-55.024, -26.098799999999997], [-55.0245, -26.098799999999997], [-55.0245, -26.099199999999996]]]}, "properties": {"distrito": "Santa Rosa del Monday", "ndvi_antes": 0.81, "ndvi_despues": 0.02, "delta_ndvi": 0.79, "ha_aprox": 0.22, "ventana_antes": "2026-07-27 a 2026-08-16", "ventana_despues": "2026-08-21 a 2026-09-09", "cruce_fuego": false, "fuente": "Sentinel-2 L2A (Copernicus CDSE)", "res_m": 50}}, {"type": "Feature", "geometry": {"type": "Polygon", "coordinates": [[[-54.951, -25.6972], [-54.9505, -25.6972], [-54.9505, -25.6968], [-54.951, -25.6968], [-54.951, -25.6972]]]}, "properties": {"distrito": "Santa Rosa del Monday", "ndvi_antes": 0.89, "ndvi_despues": 0.1, "delta_ndvi": 0.79, "ha_aprox": 0.22, "ventana_antes": "2026-07-27 a 2026-08-16", "ventana_despues": "2026-08-21 a 2026-09-09", "cruce_fuego": false, "fuente": "Sentinel-2 L2A (Copernicus CDSE)", "res_m": 50}}, {"type": "Feature", "geometry": {"type": "Polygon", "coordinates": [[[-54.9095, -25.801199999999998], [-54.909, -25.801199999999998], [-54.909, -25.8008], [-54.9095, -25.8008], [-54.9095, -25.801199999999998]]]}, "properties": {"distrito": "Santa Rosa del Monday", "ndvi_antes": 0.84, "ndvi_despues": 0.05, "delta_ndvi": 0.79, "ha_aprox": 0.22, "ventana_antes": "2026-07-27 a 2026-08-16", "ventana_despues": "2026-08-21 a 2026-09-09", "cruce_fuego": false, "fuente": "Sentinel-2 L2A (Copernicus CDSE)", "res_m": 50}}, {"type": "Feature", "geometry": {"type": "Polygon", "coordinates": [[[-55.022, -26.100399999999997], [-55.0215, -26.100399999999997], [-55.0215, -26.099999999999998], [-55.022, -26.099999999999998], [-55.022, -26.100399999999997]]]}, "properties": {"distrito": "Santa Rosa del Monday", "ndvi_antes": 0.83, "ndvi_despues": 0.04, "delta_ndvi": 0.79, "ha_aprox": 0.22, "ventana_antes": "2026-07-27 a 2026-08-16", "ventana_despues": "2026-08-21 a 2026-09-09", "cruce_fuego": false, "fuente": "Sentinel-2 L2A (Copernicus CDSE)", "res_m": 50}}, {"type": "Feature", "geometry": {"type": "Polygon", "coordinates": [[[-55.025, -26.098399999999998], [-55.0245, -26.098399999999998], [-55.0245, -26.098], [-55.025, -26.098], [-55.025, -26.098399999999998]]]}, "properties": {"distrito": "Santa Rosa del Monday", "ndvi_antes": 0.8, "ndvi_despues": 0.01, "delta_ndvi": 0.78, "ha_aprox": 0.22, "ventana_antes": "2026-07-27 a 2026-08-16", "ventana_despues": "2026-08-21 a 2026-09-09", "cruce_fuego": false, "fuente": "Sentinel-2 L2A (Copernicus CDSE)", "res_m": 50}}, {"type": "Feature", "geometry": {"type": "Polygon", "coordinates": [[[-55.0235, -26.098799999999997], [-55.023, -26.098799999999997], [-55.023, -26.098399999999998], [-55.0235, -26.098399999999998], [-55.0235, -26.098799999999997]]]}, "properties": {"distrito": "Santa Rosa del Monday", "ndvi_antes": 0.81, "ndvi_despues": 0.03, "delta_ndvi": 0.78, "ha_aprox": 0.22, "ventana_antes": "2026-07-27 a 2026-08-16", "ventana_despues": "2026-08-21 a 2026-09-09", "cruce_fuego": false, "fuente": "Sentinel-2 L2A (Copernicus CDSE)", "res_m": 50}}, {"type": "Feature", "geometry": {"type": "Polygon", "coordinates": [[[-55.024, -26.0996], [-55.0235, -26.0996], [-55.0235, -26.099199999999996], [-55.024, -26.099199999999996], [-55.024, -26.0996]]]}, "properties": {"distrito": "Santa Rosa del Monday", "ndvi_antes": 0.82, "ndvi_despues": 0.04, "delta_ndvi": 0.78, "ha_aprox": 0.22, "ventana_antes": "2026-07-27 a 2026-08-16", "ventana_despues": "2026-08-21 a 2026-09-09", "cruce_fuego": false, "fuente": "Sentinel-2 L2A (Copernicus CDSE)", "res_m": 50}}, {"type": "Feature", "geometry": {"type": "Polygon", "coordinates": [[[-55.266999999999996, -26.137199999999996], [-55.2665, -26.137199999999996], [-55.2665, -26.136799999999997], [-55.266999999999996, -26.136799999999997], [-55.266999999999996, -26.137199999999996]]]}, "properties": {"distrito": "Santa Rosa del Monday", "ndvi_antes": 0.93, "ndvi_despues": 0.15, "delta_ndvi": 0.78, "ha_aprox": 0.22, "ventana_antes": "2026-07-27 a 2026-08-16", "ventana_despues": "2026-08-21 a 2026-09-09", "cruce_fuego": false, "fuente": "Sentinel-2 L2A (Copernicus CDSE)", "res_m": 50}}, {"type": "Feature", "geometry": {"type": "Polygon", "coordinates": [[[-55.0205, -26.100399999999997], [-55.02, -26.100399999999997], [-55.02, -26.099999999999998], [-55.0205, -26.099999999999998], [-55.0205, -26.100399999999997]]]}, "properties": {"distrito": "Santa Rosa del Monday", "ndvi_antes": 0.83, "ndvi_despues": 0.05, "delta_ndvi": 0.78, "ha_aprox": 0.22, "ventana_antes": "2026-07-27 a 2026-08-16", "ventana_despues": "2026-08-21 a 2026-09-09", "cruce_fuego": false, "fuente": "Sentinel-2 L2A (Copernicus CDSE)", "res_m": 50}}, {"type": "Feature", "geometry": {"type": "Polygon", "coordinates": [[[-54.911500000000004, -26.0036], [-54.911, -26.0036], [-54.911, -26.0032], [-54.911500000000004, -26.0032], [-54.911500000000004, -26.0036]]]}, "properties": {"distrito": "Santa Rosa del Monday", "ndvi_antes": 0.86, "ndvi_despues": 0.09, "delta_ndvi": 0.77, "ha_aprox": 0.22, "ventana_antes": "2026-07-27 a 2026-08-16", "ventana_despues": "2026-08-21 a 2026-09-09", "cruce_fuego": false, "fuente": "Sentinel-2 L2A (Copernicus CDSE)", "res_m": 50}}, {"type": "Feature", "geometry": {"type": "Polygon", "coordinates": [[[-55.019, -25.784399999999998], [-55.0185, -25.784399999999998], [-55.0185, -25.784], [-55.019, -25.784], [-55.019, -25.784399999999998]]]}, "properties": {"distrito": "Santa Rosa del Monday", "ndvi_antes": 0.91, "ndvi_despues": 0.14, "delta_ndvi": 0.77, "ha_aprox": 0.22, "ventana_antes": "2026-07-27 a 2026-08-16", "ventana_despues": "2026-08-21 a 2026-09-09", "cruce_fuego": false, "fuente": "Sentinel-2 L2A (Copernicus CDSE)", "res_m": 50}}, {"type": "Feature", "geometry": {"type": "Polygon", "coordinates": [[[-55.025, -25.7872], [-55.0245, -25.7872], [-55.0245, -25.7868], [-55.025, -25.7868], [-55.025, -25.7872]]]}, "properties": {"distrito": "Santa Rosa del Monday", "ndvi_antes": 0.88, "ndvi_despues": 0.11, "delta_ndvi": 0.77, "ha_aprox": 0.22, "ventana_antes": "2026-07-27 a 2026-08-16", "ventana_despues": "2026-08-21 a 2026-09-09", "cruce_fuego": false, "fuente": "Sentinel-2 L2A (Copernicus CDSE)", "res_m": 50}}, {"type": "Feature", "geometry": {"type": "Polygon", "coordinates": [[[-54.909, -25.801199999999998], [-54.908500000000004, -25.801199999999998], [-54.908500000000004, -25.8008], [-54.909, -25.8008], [-54.909, -25.801199999999998]]]}, "properties": {"distrito": "Santa Rosa del Monday", "ndvi_antes": 0.83, "ndvi_despues": 0.06, "delta_ndvi": 0.77, "ha_aprox": 0.22, "ventana_antes": "2026-07-27 a 2026-08-16", "ventana_despues": "2026-08-21 a 2026-09-09", "cruce_fuego": false, "fuente": "Sentinel-2 L2A (Copernicus CDSE)", "res_m": 50}}, {"type": "Feature", "geometry": {"type": "Polygon", "coordinates": [[[-54.912, -26.0036], [-54.911500000000004, -26.0036], [-54.911500000000004, -26.0032], [-54.912, -26.0032], [-54.912, -26.0036]]]}, "properties": {"distrito": "Santa Rosa del Monday", "ndvi_antes": 0.87, "ndvi_despues": 0.1, "delta_ndvi": 0.77, "ha_aprox": 0.22, "ventana_antes": "2026-07-27 a 2026-08-16", "ventana_despues": "2026-08-21 a 2026-09-09", "cruce_fuego": false, "fuente": "Sentinel-2 L2A (Copernicus CDSE)", "res_m": 50}}, {"type": "Feature", "geometry": {"type": "Polygon", "coordinates": [[[-55.02, -26.100399999999997], [-55.0195, -26.100399999999997], [-55.0195, -26.099999999999998], [-55.02, -26.099999999999998], [-55.02, -26.100399999999997]]]}, "properties": {"distrito": "Santa Rosa del Monday", "ndvi_antes": 0.83, "ndvi_despues": 0.06, "delta_ndvi": 0.77, "ha_aprox": 0.22, "ventana_antes": "2026-07-27 a 2026-08-16", "ventana_despues": "2026-08-21 a 2026-09-09", "cruce_fuego": false, "fuente": "Sentinel-2 L2A (Copernicus CDSE)", "res_m": 50}}, {"type": "Feature", "geometry": {"type": "Polygon", "coordinates": [[[-54.988, -25.8184], [-54.9875, -25.8184], [-54.9875, -25.817999999999998], [-54.988, -25.817999999999998], [-54.988, -25.8184]]]}, "properties": {"distrito": "Santa Rosa del Monday", "ndvi_antes": 0.73, "ndvi_despues": -0.04, "delta_ndvi": 0.76, "ha_aprox": 0.22, "ventana_antes": "2026-07-27 a 2026-08-16", "ventana_despues": "2026-08-21 a 2026-09-09", "cruce_fuego": false, "fuente": "Sentinel-2 L2A (Copernicus CDSE)", "res_m": 50}}, {"type": "Feature", "geometry": {"type": "Polygon", "coordinates": [[[-55.0225, -25.7888], [-55.022, -25.7888], [-55.022, -25.7884], [-55.0225, -25.7884], [-55.0225, -25.7888]]]}, "properties": {"distrito": "Santa Rosa del Monday", "ndvi_antes": 0.89, "ndvi_despues": 0.13, "delta_ndvi": 0.76, "ha_aprox": 0.22, "ventana_antes": "2026-07-27 a 2026-08-16", "ventana_despues": "2026-08-21 a 2026-09-09", "cruce_fuego": false, "fuente": "Sentinel-2 L2A (Copernicus CDSE)", "res_m": 50}}, {"type": "Feature", "geometry": {"type": "Polygon", "coordinates": [[[-55.0185, -25.7896], [-55.018, -25.7896], [-55.018, -25.7892], [-55.0185, -25.7892], [-55.0185, -25.7896]]]}, "properties": {"distrito": "Santa Rosa del Monday", "ndvi_antes": 0.9, "ndvi_despues": 0.14, "delta_ndvi": 0.76, "ha_aprox": 0.22, "ventana_antes": "2026-07-27 a 2026-08-16", "ventana_despues": "2026-08-21 a 2026-09-09", "cruce_fuego": false, "fuente": "Sentinel-2 L2A (Copernicus CDSE)", "res_m": 50}}, {"type": "Feature", "geometry": {"type": "Polygon", "coordinates": [[[-54.910000000000004, -25.801199999999998], [-54.9095, -25.801199999999998], [-54.9095, -25.8008], [-54.910000000000004, -25.8008], [-54.910000000000004, -25.801199999999998]]]}, "properties": {"distrito": "Santa Rosa del Monday", "ndvi_antes": 0.86, "ndvi_despues": 0.1, "delta_ndvi": 0.76, "ha_aprox": 0.22, "ventana_antes": "2026-07-27 a 2026-08-16", "ventana_despues": "2026-08-21 a 2026-09-09", "cruce_fuego": false, "fuente": "Sentinel-2 L2A (Copernicus CDSE)", "res_m": 50}}, {"type": "Feature", "geometry": {"type": "Polygon", "coordinates": [[[-55.0215, -26.0996], [-55.021, -26.0996], [-55.021, -26.099199999999996], [-55.0215, -26.099199999999996], [-55.0215, -26.0996]]]}, "properties": {"distrito": "Santa Rosa del Monday", "ndvi_antes": 0.8, "ndvi_despues": 0.04, "delta_ndvi": 0.76, "ha_aprox": 0.22, "ventana_antes": "2026-07-27 a 2026-08-16", "ventana_despues": "2026-08-21 a 2026-09-09", "cruce_fuego": false, "fuente": "Sentinel-2 L2A (Copernicus CDSE)", "res_m": 50}}, {"type": "Feature", "geometry": {"type": "Polygon", "coordinates": [[[-55.296499999999995, -26.139199999999995], [-55.296, -26.139199999999995], [-55.296, -26.138799999999996], [-55.296499999999995, -26.138799999999996], [-55.296499999999995, -26.139199999999995]]]}, "properties": {"distrito": "Santa Rosa del Monday", "ndvi_antes": 0.86, "ndvi_despues": 0.1, "delta_ndvi": 0.76, "ha_aprox": 0.22, "ventana_antes": "2026-07-27 a 2026-08-16", "ventana_despues": "2026-08-21 a 2026-09-09", "cruce_fuego": false, "fuente": "Sentinel-2 L2A (Copernicus CDSE)", "res_m": 50}}, {"type": "Feature", "geometry": {"type": "Polygon", "coordinates": [[[-55.269, -26.139199999999995], [-55.268499999999996, -26.139199999999995], [-55.268499999999996, -26.138799999999996], [-55.269, -26.138799999999996], [-55.269, -26.139199999999995]]]}, "properties": {"distrito": "Santa Rosa del Monday", "ndvi_antes": 0.94, "ndvi_despues": 0.18, "delta_ndvi": 0.76, "ha_aprox": 0.22, "ventana_antes": "2026-07-27 a 2026-08-16", "ventana_despues": "2026-08-21 a 2026-09-09", "cruce_fuego": false, "fuente": "Sentinel-2 L2A (Copernicus CDSE)", "res_m": 50}}, {"type": "Feature", "geometry": {"type": "Polygon", "coordinates": [[[-55.021, -25.7856], [-55.0205, -25.7856], [-55.0205, -25.7852], [-55.021, -25.7852], [-55.021, -25.7856]]]}, "properties": {"distrito": "Santa Rosa del Monday", "ndvi_antes": 0.9, "ndvi_despues": 0.15, "delta_ndvi": 0.75, "ha_aprox": 0.22, "ventana_antes": "2026-07-27 a 2026-08-16", "ventana_despues": "2026-08-21 a 2026-09-09", "cruce_fuego": false, "fuente": "Sentinel-2 L2A (Copernicus CDSE)", "res_m": 50}}, {"type": "Feature", "geometry": {"type": "Polygon", "coordinates": [[[-54.908, -25.8004], [-54.9075, -25.8004], [-54.9075, -25.8], [-54.908, -25.8], [-54.908, -25.8004]]]}, "properties": {"distrito": "Santa Rosa del Monday", "ndvi_antes": 0.87, "ndvi_despues": 0.11, "delta_ndvi": 0.75, "ha_aprox": 0.22, "ventana_antes": "2026-07-27 a 2026-08-16", "ventana_despues": "2026-08-21 a 2026-09-09", "cruce_fuego": false, "fuente": "Sentinel-2 L2A (Copernicus CDSE)", "res_m": 50}}, {"type": "Feature", "geometry": {"type": "Polygon", "coordinates": [[[-54.911, -25.8076], [-54.9105, -25.8076], [-54.9105, -25.807199999999998], [-54.911, -25.807199999999998], [-54.911, -25.8076]]]}, "properties": {"distrito": "Santa Rosa del Monday", "ndvi_antes": 0.93, "ndvi_despues": 0.18, "delta_ndvi": 0.75, "ha_aprox": 0.22, "ventana_antes": "2026-07-27 a 2026-08-16", "ventana_despues": "2026-08-21 a 2026-09-09", "cruce_fuego": false, "fuente": "Sentinel-2 L2A (Copernicus CDSE)", "res_m": 50}}, {"type": "Feature", "geometry": {"type": "Polygon", "coordinates": [[[-55.379, -25.888399999999997], [-55.378499999999995, -25.888399999999997], [-55.378499999999995, -25.887999999999998], [-55.379, -25.887999999999998], [-55.379, -25.888399999999997]]]}, "properties": {"distrito": "Santa Rosa del Monday", "ndvi_antes": 0.91, "ndvi_despues": 0.15, "delta_ndvi": 0.75, "ha_aprox": 0.22, "ventana_antes": "2026-07-27 a 2026-08-16", "ventana_despues": "2026-08-21 a 2026-09-09", "cruce_fuego": false, "fuente": "Sentinel-2 L2A (Copernicus CDSE)", "res_m": 50}}, {"type": "Feature", "geometry": {"type": "Polygon", "coordinates": [[[-54.911, -26.0036], [-54.9105, -26.0036], [-54.9105, -26.0032], [-54.911, -26.0032], [-54.911, -26.0036]]]}, "properties": {"distrito": "Santa Rosa del Monday", "ndvi_antes": 0.86, "ndvi_despues": 0.11, "delta_ndvi": 0.75, "ha_aprox": 0.22, "ventana_antes": "2026-07-27 a 2026-08-16", "ventana_despues": "2026-08-21 a 2026-09-09", "cruce_fuego": false, "fuente": "Sentinel-2 L2A (Copernicus CDSE)", "res_m": 50}}, {"type": "Feature", "geometry": {"type": "Polygon", "coordinates": [[[-55.0255, -26.099999999999998], [-55.025, -26.099999999999998], [-55.025, -26.0996], [-55.0255, -26.0996], [-55.0255, -26.099999999999998]]]}, "properties": {"distrito": "Santa Rosa del Monday", "ndvi_antes": 0.84, "ndvi_despues": 0.08, "delta_ndvi": 0.75, "ha_aprox": 0.22, "ventana_antes": "2026-07-27 a 2026-08-16", "ventana_despues": "2026-08-21 a 2026-09-09", "cruce_fuego": false, "fuente": "Sentinel-2 L2A (Copernicus CDSE)", "res_m": 50}}, {"type": "Feature", "geometry": {"type": "Polygon", "coordinates": [[[-55.44949999999999, -25.726399999999998], [-55.449, -25.726399999999998], [-55.449, -25.726], [-55.44949999999999, -25.726], [-55.44949999999999, -25.726399999999998]]]}, "properties": {"distrito": "Santa Rosa del Monday", "ndvi_antes": 0.94, "ndvi_despues": 0.19, "delta_ndvi": 0.75, "ha_aprox": 0.22, "ventana_antes": "2026-07-27 a 2026-08-16", "ventana_despues": "2026-08-21 a 2026-09-09", "cruce_fuego": false, "fuente": "Sentinel-2 L2A (Copernicus CDSE)", "res_m": 50}}, {"type": "Feature", "geometry": {"type": "Polygon", "coordinates": [[[-55.022, -25.7864], [-55.0215, -25.7864], [-55.0215, -25.785999999999998], [-55.022, -25.785999999999998], [-55.022, -25.7864]]]}, "properties": {"distrito": "Santa Rosa del Monday", "ndvi_antes": 0.9, "ndvi_despues": 0.15, "delta_ndvi": 0.75, "ha_aprox": 0.22, "ventana_antes": "2026-07-27 a 2026-08-16", "ventana_despues": "2026-08-21 a 2026-09-09", "cruce_fuego": false, "fuente": "Sentinel-2 L2A (Copernicus CDSE)", "res_m": 50}}, {"type": "Feature", "geometry": {"type": "Polygon", "coordinates": [[[-55.023, -25.7868], [-55.0225, -25.7868], [-55.0225, -25.7864], [-55.023, -25.7864], [-55.023, -25.7868]]]}, "properties": {"distrito": "Santa Rosa del Monday", "ndvi_antes": 0.9, "ndvi_despues": 0.15, "delta_ndvi": 0.75, "ha_aprox": 0.22, "ventana_antes": "2026-07-27 a 2026-08-16", "ventana_despues": "2026-08-21 a 2026-09-09", "cruce_fuego": false, "fuente": "Sentinel-2 L2A (Copernicus CDSE)", "res_m": 50}}]}